GameID,Team,Side,Result,Player,Champion,Role,Level,Kills,Deaths,Assists,KDA,CS,CS in Team's Jungle,CS in Enemy Jungle,CSM,Golds,GPM,GOLD%,Vision Score,Wards placed,Wards destroyed,Control Wards Purchased,Detector Wards Placed,VSPM,WPM,VWPM,WCPM,VS%,Total damage to Champion,Physical Damage,Magic Damage,True Damage,DPM,DMG%,K+A Per Minute,KP%,Solo kills,Double kills,Triple kills,Quadra kills,Penta kills,GD@15,CSD@15,XPD@15,LVLD@15,Objectives Stolen,Damage dealt to turrets,Damage dealt to buildings,Total heal,Total Heals On Teammates,Damage self mitigated,Total Damage Shielded On Teammates,Time ccing others,Total Time CC Dealt,Total damage taken,Total Time Spent Dead,Consumables purchased,Items Purchased,Shutdown bounty collected,Shutdown bounty lost
62331,DK,Blue,Win,kingen,Rumble,TOP,16,1,4,6,1.8,234,12,,7.2,11657,361,18.6%,40,12,7,7,7,1.24,0.37,0.22,0.22,14.1%,19064,510,18489,65,590,27%,0.22,58.3%,,0,0,0,0,5,19,-328,0,0,4807,4807,5350,580,19400,0,10,284,19531,127,9,27,100,50
62331,DK,Blue,Win,Lucid,Ivern,JUNGLE,15,0,0,10,Perfect KDA,176,166,,5.4,11102,344,17.8%,53,16,9,15,14,1.64,0.5,0.46,0.28,18.7%,3175,919,883,1373,98,4.5%,0.31,83.3%,,0,0,0,0,261,12,127,0,0,1018,1018,10703,1886,12800,8507,24,194,10939,0,16,33,0,0
62331,DK,Blue,Win,ShowMaker,Nasus,MID,18,4,1,4,8,311,12,,9.6,15013,465,24%,48,9,15,7,7,1.49,0.28,0.22,0.46,16.9%,15192,8181,6553,458,470,21.5%,0.25,66.7%,,0,0,0,0,-306,-4,75,0,0,5753,5753,11432,0,29520,0,12,967,24498,0,9,24,0,650
62331,DK,Blue,Win,Aiming,Smolder,ADC,17,7,0,2,Perfect KDA,348,12,,10.8,16474,510,26.4%,44,14,15,4,4,1.36,0.43,0.12,0.46,15.5%,29786,21509,4031,4246,922,42.1%,0.28,75%,,0,1,0,0,481,15,-130,0,0,7352,7352,6575,0,8901,0,10,340,13129,0,5,28,50,0
62331,DK,Blue,Win,Moham,Rell,SUPPORT,13,0,2,10,5,25,0,,0.8,8265,256,13.2%,99,58,11,19,19,3.06,1.79,0.59,0.34,34.9%,3507,563,2460,484,109,5%,0.31,83.3%,,0,0,0,0,-128,1,-532,-1,0,4086,4086,784,0,12291,0,20,38,13015,56,21,33,0,0
62331,FOX,Red,Loss,Clear,Ornn,TOP,15,0,2,4,2,197,0,,6.1,9553,296,18.2%,33,7,12,0,0,1.02,0.22,0,0.37,11.8%,10168,3217,6951,0,315,17.1%,0.12,57.1%,,0,0,0,0,-5,-19,328,0,0,1863,1863,2046,0,26259,0,28,476,21741,86,1,20,0,0
62331,FOX,Red,Loss,Raptor,Xin Zhao,JUNGLE,14,2,5,4,1.2,166,147,,5.1,9415,291,17.9%,57,11,16,9,9,1.76,0.34,0.28,0.5,20.4%,9870,8562,906,402,305,16.6%,0.19,85.7%,,0,0,0,0,-261,-12,-127,0,0,0,0,23234,0,24052,0,14,513,40595,126,10,27,0,0
62331,FOX,Red,Loss,Clozer,Azir,MID,17,3,1,3,6,345,4,,10.7,13522,418,25.7%,37,14,8,5,4,1.14,0.43,0.15,0.25,13.3%,20698,158,20326,214,640,34.8%,0.19,85.7%,,0,0,0,0,306,4,-75,0,0,1720,1720,7072,0,13600,0,7,195,19746,0,7,26,50,100
62331,FOX,Red,Loss,Hena,Ashe,ADC,15,2,1,3,5,320,17,,9.9,13129,406,25%,37,13,8,4,4,1.14,0.4,0.12,0.25,13.3%,14595,10394,4173,28,452,24.5%,0.15,71.4%,,0,0,0,0,-481,-15,130,0,0,431,431,3224,0,7551,0,26,858,11334,0,6,27,650,50
62331,FOX,Red,Loss,Duro,Seraphine,SUPPORT,12,0,3,6,2,27,0,,0.8,6906,214,13.1%,115,53,18,18,15,3.56,1.64,0.56,0.56,41.2%,4153,900,3253,0,129,7%,0.19,85.7%,,0,0,0,0,128,-1,532,1,0,219,219,8768,6227,8057,4358,18,98,10911,51,20,37,0,0
62332,FOX,Blue,Loss,Clear,Renekton,TOP,15,3,6,4,1.2,204,4,,6.7,11025,360,20.7%,26,6,7,4,3,0.85,0.2,0.13,0.23,11.9%,15624,12986,2490,148,510,17.8%,0.23,58.3%,,1,0,0,0,301,-2,34,0,0,4228,4228,6354,0,30672,0,18,54,33845,199,5,25,300,100
62332,FOX,Blue,Loss,Raptor,Lillia,JUNGLE,15,2,4,6,2,224,213,,7.3,10420,340,19.6%,30,10,2,7,6,0.98,0.33,0.23,0.07,13.7%,23119,269,19340,3510,755,26.4%,0.26,66.7%,,0,0,0,0,743,33,1500,1,0,0,0,24876,0,27570,0,18,503,45143,127,8,22,0,100
62332,FOX,Blue,Loss,Clozer,Zeri,MID,17,4,4,7,2.8,306,0,,10,13178,430,24.8%,39,16,8,6,6,1.27,0.52,0.2,0.26,17.8%,22388,14657,7009,722,731,25.5%,0.36,91.7%,,1,0,0,0,26,-1,354,0,0,1681,1681,7585,0,14478,0,5,143,24718,153,7,26,0,450
62332,FOX,Blue,Loss,Hena,Ashe,ADC,15,3,4,5,2,269,10,,8.8,11808,385,22.2%,30,12,5,3,3,0.98,0.39,0.1,0.16,13.7%,22768,18470,4136,162,743,26%,0.26,66.7%,,1,0,0,0,1076,8,601,1,0,1645,1645,2961,0,11030,0,45,713,18389,182,5,23,0,250
62332,FOX,Blue,Loss,Duro,Alistar,SUPPORT,10,0,5,9,1.8,20,0,,0.7,6766,221,12.7%,94,46,9,19,17,3.07,1.5,0.62,0.29,42.9%,3776,205,2999,572,123,4.3%,0.29,75%,,0,0,0,0,361,-10,-332,-1,0,2860,2860,4627,2347,22319,0,28,69,25331,133,21,32,0,0
62332,DK,Red,Win,kingen,K,TOP,16,3,4,13,4,212,4,,6.9,11731,383,19.4%,32,10,7,7,6,1.04,0.33,0.23,0.23,15%,22879,17286,3358,2235,747,19.9%,0.52,69.6%,1,0,0,0,0,-301,2,-34,0,0,2281,2281,6002,0,43309,859,34,1663,28887,141,10,26,150,0
62332,DK,Red,Win,Lucid,Maokai,JUNGLE,15,4,3,14,6,166,144,,5.4,11219,366,18.6%,35,10,5,7,7,1.14,0.33,0.23,0.16,16.4%,16614,731,14546,1337,542,14.5%,0.59,78.3%,,0,0,0,0,-743,-33,-1500,-1,1,1091,1091,20263,0,33252,0,43,559,42407,117,8,24,350,0
62332,DK,Red,Win,ShowMaker,Corki,MID,17,6,1,12,18,271,4,,8.8,14250,465,23.6%,31,11,7,5,5,1.01,0.36,0.16,0.23,14.5%,37320,26103,6756,4461,1218,32.5%,0.59,78.3%,,1,1,0,0,-26,1,-354,0,0,7461,7461,8970,0,15041,0,5,119,18735,49,7,26,200,300
62332,DK,Red,Win,Aiming,Smolder,ADC,17,10,2,9,9.5,309,18,,10.1,15960,521,26.5%,22,10,4,1,1,0.72,0.33,0.03,0.13,10.3%,34028,24915,4755,4358,1111,29.7%,0.62,82.6%,,2,1,0,0,-1076,-8,-601,-1,0,4655,4655,7759,0,9577,0,11,442,17542,79,2,24,200,0
62332,DK,Red,Win,Moham,Rell,SUPPORT,13,0,2,13,6.5,35,0,,1.1,7158,234,11.9%,94,46,14,12,12,3.07,1.5,0.39,0.46,43.9%,3882,558,2145,1179,127,3.4%,0.42,56.5%,,0,0,0,0,-361,10,332,1,0,2132,2132,2786,0,17435,0,19,115,16104,59,14,26,0,0
62333,FOX,Blue,Win,Clear,Camille,TOP,18,6,3,4,3.3,476,56,,9.6,24216,487,25.4%,60,8,21,4,4,1.21,0.16,0.08,0.42,13.2%,20039,11421,1168,7450,403,14.9%,0.2,71.4%,1,0,1,0,0,755,-24,-411,-1,0,8624,8624,18793,0,54608,0,15,731,41750,129,6,29,1200,300
62333,FOX,Blue,Win,Raptor,Maokai,JUNGLE,17,1,3,9,3.3,191,157,,3.8,13661,275,14.3%,88,19,23,17,17,1.77,0.38,0.34,0.46,19.3%,16834,885,15765,184,339,12.5%,0.2,71.4%,,0,0,0,0,-1806,-29,-1913,-2,1,696,696,27265,0,55751,302,72,728,52630,114,19,35,0,0
62333,FOX,Blue,Win,Clozer,Corki,MID,18,5,4,5,2.5,572,76,,11.5,23713,477,24.8%,61,19,20,7,6,1.23,0.38,0.14,0.4,13.4%,33353,23775,5751,3827,671,24.7%,0.2,71.4%,,0,0,0,0,614,9,62,0,0,6618,6618,14887,0,28258,0,0,123,32428,230,12,33,550,1100
62333,FOX,Blue,Win,Hena,Ziggs,ADC,18,2,2,10,6,484,46,,9.7,22760,458,23.8%,59,19,8,2,2,1.19,0.38,0.04,0.16,12.9%,59376,1079,57706,591,1195,44%,0.24,85.7%,,0,0,0,0,1960,-5,353,1,0,12693,12693,3219,0,9170,0,27,548,16103,67,10,29,50,50
62333,FOX,Blue,Win,Duro,Alistar,SUPPORT,16,0,5,11,2.2,21,0,,0.4,11115,224,11.6%,188,114,14,38,37,3.78,2.29,0.76,0.28,41.2%,5202,536,4086,580,105,3.9%,0.22,78.6%,,0,0,0,0,547,-10,46,0,0,1558,1558,10735,4637,37458,139,39,76,30266,118,41,55,0,0
62333,DK,Red,Loss,kingen,Gnar,TOP,18,1,1,7,8,426,19,,8.6,19243,387,20.2%,53,18,15,13,13,1.07,0.36,0.26,0.3,12%,30170,22282,5918,1970,607,25.3%,0.16,47.1%,,0,0,0,0,-755,24,411,1,0,1130,1130,12029,0,56965,0,37,790,35973,0,15,40,100,100
62333,DK,Red,Loss,Lucid,Lillia,JUNGLE,18,5,1,10,15,341,255,,6.9,19107,385,20%,78,19,20,18,17,1.57,0.38,0.36,0.4,17.7%,31398,826,24999,5573,632,26.3%,0.3,88.2%,,1,0,0,0,1806,29,1913,2,0,2948,2948,40808,0,44209,0,27,480,57059,0,21,41,300,400
62333,DK,Red,Loss,ShowMaker,Zeri,MID,18,5,2,7,6,465,28,,9.4,21620,435,22.7%,68,18,18,6,6,1.37,0.36,0.12,0.36,15.5%,19998,11908,7493,597,403,16.8%,0.24,70.6%,,1,0,0,0,-614,-9,-62,0,0,7928,7928,17595,0,21482,0,3,164,31849,28,9,31,550,600
62333,DK,Red,Loss,Aiming,Smolder,ADC,18,6,4,5,2.8,512,25,,10.3,23599,475,24.8%,51,15,16,2,2,1.03,0.3,0.04,0.32,11.6%,30277,15368,5059,9850,609,25.4%,0.22,64.7%,,2,0,0,0,-1960,5,-353,-1,0,8030,8030,11664,0,21339,0,8,598,25765,63,6,32,500,700
62333,DK,Red,Loss,Moham,Rell,SUPPORT,16,0,6,13,2.2,35,0,,0.7,11765,237,12.3%,190,100,19,30,28,3.82,2.01,0.6,0.38,43.2%,7485,1170,4275,2040,151,6.3%,0.26,76.5%,,0,0,0,0,-547,10,-46,0,0,93,93,1889,0,41198,612,37,78,41809,134,34,53,0,0
62334,DK,Blue,Win,kingen,Rumble,TOP,15,8,2,3,5.5,188,0,,8.1,10554,456,20.6%,27,9,2,5,3,1.17,0.39,0.22,0.09,13.7%,15644,383,15155,106,676,25.4%,0.48,57.9%,2,0,1,0,0,1670,21,1317,1,0,1356,1356,2124,0,8908,0,10,171,10245,79,8,23,0,400
62334,DK,Blue,Win,Lucid,Lillia,JUNGLE,15,5,0,8,Perfect KDA,187,165,,8.1,10870,470,21.2%,31,9,3,6,6,1.34,0.39,0.26,0.13,15.7%,15032,457,11229,3346,650,24.4%,0.56,68.4%,1,1,0,0,0,1020,35,2037,2,0,4003,4003,18550,0,13343,0,18,275,23818,0,7,20,0,0
62334,DK,Blue,Win,ShowMaker,Yasuo,MID,14,3,0,6,Perfect KDA,196,20,,8.5,10226,442,19.9%,29,5,5,4,3,1.25,0.22,0.17,0.22,14.7%,8473,7494,979,0,366,13.8%,0.39,47.4%,,0,0,0,0,1221,4,738,0,0,3710,3710,5327,0,13522,0,16,105,12760,0,5,17,0,0
62334,DK,Blue,Win,Aiming,Miss Fortune,ADC,15,3,0,12,Perfect KDA,248,8,,10.7,12263,530,23.9%,23,9,7,3,2,0.99,0.39,0.13,0.3,11.7%,18108,17626,482,0,783,29.4%,0.65,78.9%,1,0,0,0,0,1296,23,560,0,0,12175,12175,2421,0,7410,0,3,46,4045,0,4,17,0,0
62334,DK,Blue,Win,Moham,Rell,SUPPORT,10,0,1,15,15,27,0,,1.2,7438,322,14.5%,87,33,15,11,11,3.76,1.43,0.48,0.65,44.2%,4297,717,2954,626,186,7%,0.65,78.9%,,0,0,0,0,517,2,161,0,0,5377,5377,1048,0,7703,0,27,50,6288,12,13,25,0,0
62334,FOX,Red,Loss,Clear,Ornn,TOP,13,0,3,1,0.3,173,0,,7.5,6891,298,19.7%,14,7,2,1,0,0.61,0.3,0.04,0.09,10.1%,3861,875,2986,0,167,14.2%,0.04,33.3%,,0,0,0,0,-1670,-21,-1317,-1,0,1531,1531,150,0,16807,0,10,322,16814,64,2,16,0,0
62334,FOX,Red,Loss,Raptor,Viego,JUNGLE,12,0,5,2,0.4,132,122,,5.7,6729,291,19.2%,26,7,7,6,5,1.12,0.3,0.26,0.3,18.7%,4170,3714,124,332,180,15.3%,0.09,66.7%,,0,0,0,0,-1020,-35,-2037,-2,0,0,0,11339,0,10960,0,7,174,23251,125,7,22,0,0
62334,FOX,Red,Loss,Clozer,Akali,MID,12,0,4,0,0,181,0,,7.8,6850,296,19.6%,14,7,1,3,3,0.61,0.3,0.13,0.04,10.1%,6733,1033,5700,0,291,24.7%,0,0%,,0,0,0,0,-1221,-4,-738,0,0,0,0,1214,0,8554,0,0,46,18679,99,4,16,0,0
62334,FOX,Red,Loss,Hena,Zeri,ADC,14,3,4,0,0.8,238,8,,10.3,9820,424,28.1%,28,11,8,3,3,1.21,0.48,0.13,0.35,20.1%,10174,6732,3312,130,440,37.3%,0.13,100%,,0,0,0,0,-1296,-23,-560,0,0,87,87,1658,0,4964,0,4,161,11315,86,6,24,400,0
62334,FOX,Red,Loss,Duro,Alistar,SUPPORT,9,0,3,1,0.3,15,0,,0.6,4694,203,13.4%,57,32,3,11,10,2.46,1.38,0.48,0.13,41%,2317,363,1637,317,100,8.5%,0.04,33.3%,,0,0,0,0,-517,-2,-161,0,0,0,0,2459,1155,11420,0,20,34,12029,28,13,24,0,0
62336,T1,Blue,Win,Zeus,Olaf,TOP,18,7,1,2,9,318,20,,8.8,16366,455,24.2%,48,10,15,5,5,1.34,0.28,0.14,0.42,15%,21441,13709,67,7665,596,26.8%,0.25,69.2%,,0,0,0,1,761,19,422,0,0,6998,6998,10875,0,52811,0,17,559,22597,57,8,31,300,700
62336,T1,Blue,Win,Oner,Lillia,JUNGLE,17,1,3,5,2,285,247,,7.9,12894,359,19.1%,65,11,23,9,9,1.81,0.31,0.25,0.64,20.4%,11643,262,9756,1625,324,14.5%,0.17,46.2%,,0,0,0,0,1042,20,1032,1,1,676,676,25830,0,31492,0,11,603,42724,99,10,26,0,50
62336,T1,Blue,Win,Faker,Azir,MID,17,1,3,5,2,325,16,,9,13749,382,20.4%,57,20,7,7,7,1.59,0.56,0.19,0.19,17.9%,21252,310,20721,221,591,26.5%,0.17,46.2%,,0,0,0,0,147,-10,-305,0,0,6300,6300,2546,0,19893,0,9,203,20746,116,9,24,0,50
62336,T1,Blue,Win,Gumayusi,Nilah,ADC,17,4,2,4,4,331,14,,9.2,14650,408,21.7%,40,15,12,6,6,1.11,0.42,0.17,0.33,12.5%,12889,12518,47,324,359,16.1%,0.22,61.5%,,0,1,0,0,-53,-3,402,0,0,6323,6323,6699,1142,29944,305,11,90,17367,97,7,24,100,200
62336,T1,Blue,Win,Keria,Senna,SUPPORT,15,0,1,13,13,41,0,,1.1,9855,274,14.6%,109,67,15,18,18,3.03,1.86,0.5,0.42,34.2%,12851,11100,1073,678,357,16%,0.36,100%,,0,0,0,0,607,5,1856,2,0,3183,3183,27747,18217,10500,8469,39,341,15447,36,22,41,0,0
62336,KT,Red,Loss,PerfecT,Renekton,TOP,17,1,2,5,3,254,0,,7.1,11813,329,19.2%,46,19,7,12,12,1.28,0.53,0.33,0.19,13%,9122,7419,1285,418,254,11.8%,0.17,60%,,0,0,0,0,-761,-19,-422,0,0,0,0,7466,0,25465,0,15,57,30451,46,15,34,100,0
62336,KT,Red,Loss,Pyosik,Sejuani,JUNGLE,16,0,2,10,5,189,170,,5.3,10733,299,17.4%,102,50,19,19,19,2.84,1.39,0.53,0.53,28.8%,7447,3336,3376,735,207,9.6%,0.28,100%,,0,0,0,0,-1042,-20,-1032,-1,0,527,527,16728,169,44516,1289,15,287,34068,71,20,37,0,0
62336,KT,Red,Loss,Bdd,Smolder,MID,18,6,2,3,4.5,368,17,,10.2,16830,468,27.4%,46,14,12,2,2,1.28,0.39,0.06,0.33,13%,33028,19177,8982,4869,919,42.5%,0.25,90%,,2,0,0,0,-147,10,305,0,0,6690,6690,7111,0,12333,0,14,390,19733,48,5,27,750,400
62336,KT,Red,Loss,Deft,Miss Fortune,ADC,16,2,3,5,2.3,292,18,,8.1,13679,381,22.2%,38,17,8,7,5,1.06,0.47,0.19,0.22,10.7%,21162,19714,768,680,589,27.3%,0.19,70%,,0,0,0,0,53,3,-402,0,0,4576,4576,2912,0,15847,0,5,91,11257,100,9,28,150,0
62336,KT,Red,Loss,BeryL,Seraphine,SUPPORT,14,1,4,8,2.3,32,0,,0.9,8471,236,13.8%,122,52,14,14,14,3.39,1.45,0.39,0.39,34.5%,6867,1254,5125,488,191,8.8%,0.25,90%,,0,0,0,0,-607,-5,-1856,-2,0,1619,1619,6965,4435,10387,5076,14,81,15413,136,16,34,0,0
62337,KT,Blue,Win,PerfecT,Renekton,TOP,16,2,1,7,9,241,4,,8.1,11420,385,21.6%,33,10,8,5,5,1.11,0.34,0.17,0.27,12.5%,15072,13250,1630,192,508,19.3%,0.3,56.3%,,0,0,0,0,860,21,49,0,0,5687,5687,8337,0,16518,0,20,96,21368,28,7,23,0,0
62337,KT,Blue,Win,Pyosik,Sejuani,JUNGLE,13,3,2,6,4.5,146,131,,4.9,9088,306,17.2%,69,31,13,10,10,2.33,1.04,0.34,0.44,26.1%,6906,4261,2317,328,233,8.9%,0.3,56.3%,,0,0,0,0,-299,-38,-1217,-2,0,2749,2749,12619,170,28945,606,14,309,26077,61,11,23,0,200
62337,KT,Blue,Win,Bdd,Smolder,MID,16,8,0,5,Perfect KDA,271,23,,9.1,13371,451,25.3%,29,13,4,5,5,0.98,0.44,0.17,0.13,11%,25452,18795,4096,2561,858,32.7%,0.44,81.3%,1,1,1,0,0,29,-11,-337,-1,0,3341,3341,4948,0,7104,0,9,213,10538,0,6,23,200,0
62337,KT,Blue,Win,Deft,Ziggs,ADC,15,3,3,7,3.3,262,7,,8.8,11979,404,22.6%,30,13,4,4,4,1.01,0.44,0.13,0.13,11.4%,27832,846,26682,304,938,35.7%,0.34,62.5%,,0,0,0,0,1200,112,3459,4,0,9055,9055,294,0,3675,0,14,310,7699,84,7,21,0,200
62337,KT,Blue,Win,BeryL,Rell,SUPPORT,11,0,3,12,4,39,0,,1.3,7062,238,13.3%,103,46,17,13,13,3.47,1.55,0.44,0.57,39%,2681,539,1430,712,90,3.4%,0.4,75%,,0,0,0,0,-1955,-108,-3797,-4,0,581,581,880,0,11602,0,17,57,12426,60,15,28,0,0
62337,T1,Red,Loss,Zeus,Aatrox,TOP,15,2,3,4,2,215,0,,7.2,9526,321,19.9%,33,9,11,5,4,1.11,0.3,0.17,0.37,13.1%,14881,10825,3660,396,502,27.2%,0.2,66.7%,,0,0,0,0,-860,-21,-49,0,0,0,0,7182,0,17281,0,14,131,22921,66,7,35,0,0
62337,T1,Red,Loss,Oner,Lillia,JUNGLE,14,2,3,5,2.3,214,190,,7.2,9954,336,20.8%,45,6,13,5,4,1.52,0.2,0.17,0.44,17.9%,12388,274,10129,1985,418,22.6%,0.24,77.8%,,0,0,0,0,299,38,1217,2,0,445,445,19309,0,19826,0,15,394,30755,111,6,20,0,0
62337,T1,Red,Loss,Faker,Yasuo,MID,15,1,4,5,1.5,261,9,,8.8,10358,349,21.6%,31,15,2,5,5,1.04,0.51,0.17,0.07,12.3%,11983,10320,1375,288,404,21.9%,0.2,66.7%,,0,0,0,0,-29,11,337,1,0,1556,1556,3672,0,19451,0,19,163,16377,125,6,25,0,150
62337,T1,Red,Loss,Gumayusi,Senna,ADC,10,2,3,3,1.7,34,0,,1.1,7367,248,15.4%,108,53,23,16,12,3.64,1.79,0.54,0.78,42.9%,7304,6345,709,250,246,13.3%,0.17,55.6%,,0,0,0,0,-1200,-112,-3459,-4,0,94,94,10992,5122,5587,2466,36,124,13969,82,18,34,200,0
62337,T1,Red,Loss,Keria,Lee Sin,SUPPORT,14,2,3,7,3,250,4,,8.4,10749,362,22.4%,35,17,5,7,7,1.18,0.57,0.24,0.17,13.9%,8185,6462,1599,124,276,15%,0.3,100%,,0,0,0,0,1955,108,3797,4,0,562,562,8098,0,21162,356,7,402,26648,104,9,29,200,50
62338,T1,Blue,Win,Zeus,Olaf,TOP,18,1,1,6,7,300,12,,8.6,14324,412,22.1%,42,12,10,8,7,1.21,0.35,0.23,0.29,13.2%,15350,9894,0,5456,442,25%,0.2,87.5%,,0,0,0,0,436,9,301,0,0,4422,4422,11087,0,30750,0,11,506,17705,20,12,38,0,0
62338,T1,Blue,Win,Oner,Lillia,JUNGLE,17,4,1,3,7,278,237,,8,13573,391,20.9%,63,10,17,8,8,1.81,0.29,0.23,0.49,19.7%,19194,441,15214,3539,553,31.3%,0.2,87.5%,,0,0,0,0,1300,15,1000,1,1,2271,2271,25012,0,24079,0,10,377,33927,39,9,23,0,150
62338,T1,Blue,Win,Faker,Azir,MID,17,3,1,2,5,306,0,,8.8,13724,395,21.2%,50,13,16,4,3,1.44,0.37,0.12,0.46,15.7%,14555,180,14133,242,419,23.7%,0.14,62.5%,,0,1,0,0,116,0,-198,0,0,5799,5799,2900,0,9136,0,5,195,13005,41,6,23,250,100
62338,T1,Blue,Win,Gumayusi,Varus,ADC,16,0,0,3,Perfect KDA,347,4,,10,14423,415,22.3%,42,13,24,3,3,1.21,0.37,0.09,0.69,13.2%,9456,6980,2318,158,272,15.4%,0.09,37.5%,,0,0,0,0,184,-7,-86,0,0,6035,6035,5248,0,5561,0,18,279,8709,0,4,22,0,0
62338,T1,Blue,Win,Keria,Rell,SUPPORT,12,0,1,4,4,39,0,,1.1,8759,252,13.5%,122,62,16,18,18,3.51,1.79,0.52,0.46,38.2%,2795,260,1953,582,80,4.6%,0.12,50%,,0,0,0,0,682,-7,-312,0,0,3296,3296,454,0,9449,0,19,52,10923,39,20,35,0,0
62338,KT,Red,Loss,PerfecT,Renekton,TOP,15,0,3,1,0.3,238,16,,6.9,10860,313,19.7%,33,14,7,6,5,0.95,0.4,0.17,0.2,10.3%,5505,4584,705,216,158,14.9%,0.03,25%,,0,0,0,0,-436,-9,-301,0,0,1726,1726,7398,0,18472,0,13,232,24962,56,7,24,0,0
62338,KT,Red,Loss,Pyosik,Sejuani,JUNGLE,15,0,1,2,2,190,166,,5.5,9403,271,17.1%,91,43,18,15,15,2.62,1.24,0.43,0.52,28.5%,3552,2141,1182,229,102,9.6%,0.06,50%,,0,0,0,0,-1300,-15,-1000,-1,0,0,0,15319,141,29786,266,5,418,31772,0,16,31,0,0
62338,KT,Red,Loss,Bdd,Smolder,MID,18,3,1,0,3,393,20,,11.3,15136,436,27.5%,29,12,7,2,2,0.83,0.35,0.06,0.2,9.1%,16754,11590,3291,1873,482,45.3%,0.09,75%,,0,0,0,0,-116,0,198,0,0,2378,2378,5346,0,7750,0,8,407,13278,0,3,25,250,250
62338,KT,Red,Loss,Deft,Miss Fortune,ADC,15,1,1,1,2,303,0,,8.7,12591,363,22.9%,51,21,10,8,8,1.47,0.6,0.23,0.29,16%,8683,7374,986,323,250,23.5%,0.06,50%,,0,0,0,0,-184,7,86,0,0,3112,3112,1022,0,7351,0,7,90,4300,0,9,24,0,0
62338,KT,Red,Loss,BeryL,Alistar,SUPPORT,11,0,2,2,1,49,0,,1.4,7041,203,12.8%,115,60,15,19,19,3.31,1.73,0.55,0.43,36.1%,2495,228,1820,447,72,6.7%,0.06,50%,,0,0,0,0,-682,7,312,0,0,482,482,4692,942,18972,0,14,37,18032,16,21,33,0,0
62339,KT,Blue,Loss,PerfecT,Renekton,TOP,15,0,2,3,1.5,178,0,,5.2,9571,281,16.5%,40,14,10,7,7,1.17,0.41,0.21,0.29,13.4%,6371,5327,866,178,187,9.1%,0.09,42.9%,,0,0,0,0,-1849,-60,-1169,-1,0,1898,1898,7098,0,25676,0,12,103,32630,35,10,30,0,0
62339,KT,Blue,Loss,Pyosik,Lillia,JUNGLE,16,1,1,3,4,244,221,,7.2,11855,348,20.5%,48,12,11,13,10,1.41,0.35,0.38,0.32,16.1%,13114,199,10832,2083,385,18.8%,0.12,57.1%,,0,0,0,0,-111,1,-170,0,1,917,917,30085,0,24231,0,23,449,38688,54,14,30,0,0
62339,KT,Blue,Loss,Bdd,Corki,MID,18,4,1,1,5,333,4,,9.8,15148,444,26.1%,48,15,12,4,4,1.41,0.44,0.12,0.35,16.1%,20991,16219,2608,2164,616,30%,0.15,71.4%,,0,1,0,0,214,9,455,0,0,11103,11103,6957,0,12793,0,2,52,17403,0,7,30,300,350
62339,KT,Blue,Loss,Deft,Ezreal,ADC,16,2,1,2,4,309,5,,9.1,13459,395,23.2%,39,16,9,4,4,1.14,0.47,0.12,0.26,13.1%,24919,15074,9755,90,731,35.7%,0.12,57.1%,1,0,0,0,0,-572,-20,-489,-1,0,1015,1015,5971,0,12635,0,0,5,15906,46,7,24,350,0
62339,KT,Blue,Loss,BeryL,Karma,SUPPORT,12,0,2,3,1.5,41,0,,1.2,7934,233,13.7%,123,63,17,22,19,3.61,1.85,0.65,0.5,41.3%,4473,627,3846,0,131,6.4%,0.09,42.9%,,0,0,0,0,92,0,462,1,0,832,832,3187,1320,9358,5865,9,122,13873,78,24,39,0,0
62339,T1,Red,Win,Zeus,Vayne,TOP,17,4,1,1,5,306,36,,9,15538,456,25.1%,57,18,10,5,5,1.67,0.53,0.15,0.29,17.8%,19473,14174,214,5085,571,24.3%,0.15,71.4%,,0,0,0,0,1849,60,1169,1,0,9030,9030,9127,0,11959,0,13,136,17953,0,7,27,350,350
62339,T1,Red,Win,Oner,Sejuani,JUNGLE,15,0,2,4,2,211,190,,6.2,10742,315,17.4%,53,14,11,12,12,1.55,0.41,0.35,0.32,16.6%,10263,5749,3932,582,301,12.8%,0.12,57.1%,,0,0,0,0,111,-1,170,0,0,852,852,17856,401,55872,885,21,489,44722,46,13,28,0,0
62339,T1,Red,Win,Faker,Smolder,MID,17,1,2,5,3,287,13,,8.4,13084,384,21.1%,34,13,7,2,1,1,0.38,0.06,0.21,10.6%,20569,13247,4413,2909,603,25.6%,0.18,85.7%,,0,0,0,0,-214,-9,-455,0,0,4690,4690,6884,0,10196,0,11,214,16857,81,5,21,0,100
62339,T1,Red,Win,Gumayusi,Caitlyn,ADC,16,2,1,3,5,331,4,,9.7,14324,420,23.1%,47,18,13,8,8,1.38,0.53,0.23,0.38,14.7%,18623,17242,449,932,546,23.2%,0.15,71.4%,,1,0,0,0,572,20,489,1,0,10313,10313,9055,0,12528,0,19,140,17608,46,11,29,0,200
62339,T1,Red,Win,Keria,Lux,SUPPORT,13,0,1,5,5,47,0,,1.4,8200,240,13.2%,129,66,16,15,15,3.78,1.94,0.44,0.47,40.3%,11355,611,9734,1010,333,14.1%,0.15,71.4%,,0,0,0,0,-92,0,-462,-1,0,1078,1078,1247,0,6397,3564,36,220,10679,38,18,35,0,0
62456,GEN,Blue,Win,Kiin,K,TOP,18,3,2,6,4.5,293,4,,7.8,15092,400,20.7%,54,15,11,9,9,1.43,0.4,0.24,0.29,14%,16275,12284,2318,1673,431,16.4%,0.24,69.2%,,0,0,0,0,294,2,307,1,0,5365,5365,5074,0,57913,79,39,3031,27393,93,12,33,200,100
62456,GEN,Blue,Win,Canyon,Maokai,JUNGLE,16,1,1,10,11,206,188,,5.5,12468,330,17.1%,67,15,14,14,13,1.77,0.4,0.37,0.37,17.3%,15934,636,15134,164,422,16.1%,0.29,84.6%,,0,0,0,0,306,-13,-244,-1,0,1086,1086,28194,0,48312,1106,61,762,40760,36,15,32,0,0
62456,GEN,Blue,Win,Chovy,Tristana,MID,18,3,1,3,6,430,56,,11.4,18603,493,25.5%,73,17,18,4,4,1.93,0.45,0.11,0.48,18.9%,23000,21301,813,886,609,23.2%,0.16,46.2%,,0,1,0,0,698,1,542,0,0,11138,11138,13149,0,19061,0,6,214,21304,48,5,29,0,250
62456,GEN,Blue,Win,Peyz,Ziggs,ADC,18,3,0,8,Perfect KDA,371,17,,9.8,16994,450,23.3%,49,21,12,10,10,1.3,0.56,0.26,0.32,12.7%,39728,934,38705,89,1052,40.1%,0.29,84.6%,,0,0,0,0,-503,-15,-448,0,0,7034,7034,902,294,4069,0,19,356,3926,0,12,33,0,0
62456,GEN,Blue,Win,Lehends,Poppy,SUPPORT,13,3,2,3,3,30,0,,0.8,9714,257,13.3%,144,74,18,21,21,3.81,1.96,0.56,0.48,37.2%,4036,2895,439,702,107,4.1%,0.16,46.2%,,0,0,0,0,575,-7,-295,0,0,815,815,1540,0,13385,0,20,120,13839,56,23,39,0,100
62456,DK,Red,Loss,kingen,Malphite,TOP,17,0,4,4,1,274,0,,7.3,11908,315,19%,35,10,10,8,6,0.93,0.26,0.21,0.26,11.9%,7030,2005,4935,90,186,10.4%,0.11,66.7%,,0,0,0,0,-294,-2,-307,-1,0,3687,3687,1459,0,56487,0,16,723,24252,109,9,29,0,0
62456,DK,Red,Loss,Lucid,Lillia,JUNGLE,16,1,3,5,2,233,214,,6.2,11372,301,18.2%,46,11,15,10,9,1.22,0.29,0.26,0.4,15.7%,12429,195,10234,2000,329,18.4%,0.16,100%,,0,0,0,0,-306,13,244,1,0,164,164,26577,0,25558,0,19,403,40962,102,11,24,0,0
62456,DK,Red,Loss,ShowMaker,Corki,MID,18,4,0,2,Perfect KDA,365,4,,9.7,15456,409,24.7%,36,16,6,4,4,0.95,0.42,0.11,0.16,12.3%,27790,18444,6415,2931,736,41.2%,0.16,100%,,1,0,0,0,-698,-1,-542,0,0,603,603,7530,0,11700,0,0,21,21583,0,5,27,350,0
62456,DK,Red,Loss,Aiming,Miss Fortune,ADC,17,1,2,4,2.5,406,15,,10.8,15865,420,25.4%,40,13,13,4,3,1.06,0.34,0.11,0.34,13.7%,16711,15580,645,486,442,24.8%,0.13,83.3%,,0,0,0,0,503,15,448,0,0,2960,2960,4757,0,21790,0,8,181,11913,57,5,27,100,200
62456,DK,Red,Loss,Moham,Rell,SUPPORT,12,0,4,6,1.5,36,0,,1,7929,210,12.7%,136,75,17,25,23,3.6,1.99,0.66,0.45,46.4%,3499,180,2223,1096,93,5.2%,0.16,100%,,0,0,0,0,-575,7,295,0,0,962,962,1305,0,24510,0,23,50,28262,140,27,41,0,0
62457,DK,Blue,Loss,kingen,Olaf,TOP,15,8,4,2,2.5,249,12,,8.8,11900,421,24.6%,30,8,7,6,5,1.06,0.28,0.21,0.25,13.9%,18182,13040,284,4858,644,38.5%,0.35,100%,,1,1,0,0,1057,19,897,1,0,931,931,6498,0,23653,0,9,411,22314,139,7,25,0,450
62457,DK,Blue,Loss,Lucid,Ivern,JUNGLE,13,0,3,10,3.3,142,131,,5,8431,298,17.4%,43,12,9,12,11,1.52,0.42,0.42,0.32,19.9%,5214,1190,2992,1032,185,11%,0.35,100%,,0,0,0,0,372,16,799,1,0,271,271,7705,2584,9947,11106,37,266,11993,49,13,27,0,0
62457,DK,Blue,Loss,ShowMaker,Nasus,MID,14,1,5,4,1,200,8,,7.1,9059,321,18.7%,18,7,4,5,5,0.64,0.25,0.18,0.14,8.3%,9470,6178,3292,0,335,20%,0.18,50%,,0,0,0,0,-1058,-39,-1279,-1,0,595,595,8228,0,25802,0,5,320,27669,149,6,22,150,0
62457,DK,Blue,Loss,Aiming,Miss Fortune,ADC,15,0,2,3,1.5,320,4,,11.3,11908,422,24.6%,32,12,7,5,5,1.13,0.42,0.18,0.25,14.8%,7361,6804,557,0,261,15.6%,0.11,30%,,0,0,0,0,-583,10,83,0,0,5371,5371,2577,0,14165,0,3,49,7636,42,6,20,0,100
62457,DK,Blue,Loss,Moham,Poppy,SUPPORT,10,1,4,8,2.3,31,0,,1.1,7081,251,14.6%,93,50,12,14,13,3.29,1.77,0.5,0.42,43.1%,7023,4571,1380,1072,249,14.9%,0.32,90%,,0,0,0,0,-428,6,-50,0,0,1894,1894,987,0,15788,0,21,168,17770,89,16,29,50,0
62457,GEN,Red,Win,Kiin,Corki,TOP,16,3,3,9,4,246,12,,8.7,13063,462,21.5%,39,14,11,4,4,1.38,0.5,0.14,0.39,16.2%,18462,12786,3825,1851,654,26.6%,0.42,66.7%,,1,0,0,0,-1057,-19,-897,-1,0,10584,10584,4801,0,9342,0,1,75,15647,63,5,25,400,0
62457,GEN,Red,Win,Canyon,Maokai,JUNGLE,14,3,1,11,14,173,148,,6.1,10445,370,17.2%,39,10,10,7,7,1.38,0.35,0.25,0.35,16.2%,7664,663,6839,162,271,11%,0.5,77.8%,,0,0,0,0,-372,-16,-799,-1,0,1472,1472,18900,0,25193,1101,46,556,28300,14,8,23,0,0
62457,GEN,Red,Win,Chovy,Garen,MID,18,5,3,5,3.3,322,46,,11.4,14382,509,23.6%,32,12,5,7,6,1.13,0.42,0.25,0.18,13.3%,17560,14172,0,3388,622,25.3%,0.35,55.6%,2,1,0,0,0,1058,39,1279,1,0,5324,5324,2910,0,23636,0,21,199,19327,113,8,28,0,200
62457,GEN,Red,Win,Peyz,Ziggs,ADC,16,6,0,9,Perfect KDA,272,2,,9.6,14651,519,24.1%,32,13,6,5,5,1.13,0.46,0.18,0.21,13.3%,21296,704,20592,0,754,30.7%,0.53,83.3%,,0,0,0,0,583,-10,-83,0,0,9947,9947,774,0,1785,0,12,309,4091,0,8,25,150,0
62457,GEN,Red,Win,Lehends,Blitzcrank,SUPPORT,11,1,3,10,3.7,23,0,,0.8,8345,295,13.7%,99,51,12,13,13,3.5,1.81,0.46,0.42,41.1%,4399,1094,2375,930,156,6.3%,0.39,61.1%,,0,0,0,0,428,-6,50,0,0,1988,1988,600,0,9129,0,28,154,16447,52,15,28,0,0
62458,DK,Blue,Loss,kingen,Nasus,TOP,14,4,8,4,1,178,3,,6.2,10464,365,21.3%,20,8,4,4,2,0.7,0.28,0.14,0.14,8.7%,14415,10353,3942,120,503,22.7%,0.28,50%,,0,0,0,0,-559,-28,-1504,-1,0,4582,4582,8910,0,28139,0,9,102,33104,179,5,24,250,0
62458,DK,Blue,Loss,Lucid,Vi,JUNGLE,13,3,5,7,2,169,145,,5.9,9393,328,19.1%,36,12,9,10,10,1.26,0.42,0.35,0.31,15.6%,11455,10857,0,598,400,18%,0.35,62.5%,,0,0,0,0,-903,17,554,1,0,0,0,11381,0,28909,0,25,344,29917,132,11,25,0,0
62458,DK,Blue,Loss,ShowMaker,Taliyah,MID,15,4,4,10,3.5,231,8,,8.1,11344,396,23.1%,34,13,8,3,3,1.19,0.45,0.1,0.28,14.7%,18351,1115,17236,0,641,28.9%,0.49,87.5%,1,0,0,0,0,-338,-18,-282,0,0,132,132,956,0,9435,0,32,417,14977,104,5,26,450,0
62458,DK,Blue,Loss,Aiming,Seraphine,ADC,15,5,1,5,10,248,6,,8.7,11540,403,23.4%,30,12,6,4,4,1.05,0.42,0.14,0.21,13%,15109,1111,13735,263,527,23.8%,0.35,62.5%,,0,1,0,0,-1522,-1,688,0,0,826,826,2419,1381,7374,2435,23,255,9044,0,6,24,250,100
62458,DK,Blue,Loss,Moham,Leona,SUPPORT,9,0,7,7,1,34,0,,1.2,6473,226,13.2%,111,55,18,17,17,3.87,1.92,0.59,0.63,48.1%,4193,1109,2288,796,146,6.6%,0.24,43.8%,,0,0,0,0,-498,13,-905,-2,0,738,738,822,0,20084,0,27,55,19864,142,19,32,0,0
62458,GEN,Red,Win,Kiin,Garen,TOP,16,3,3,7,3.3,216,22,,7.5,11379,397,18.9%,36,9,7,6,5,1.26,0.31,0.21,0.24,13.8%,17613,14001,0,3612,615,21.3%,0.35,40%,,0,0,0,0,559,28,1504,1,0,7106,7106,2374,0,24611,0,22,177,22191,117,8,26,0,150
62458,GEN,Red,Win,Canyon,Skarner,JUNGLE,14,9,1,13,22,143,122,,5,12050,421,20%,55,11,16,10,9,1.92,0.38,0.35,0.56,21.1%,13867,8938,4439,490,484,16.7%,0.77,88%,,0,0,0,0,903,-17,-554,-1,0,4250,4250,13571,0,57649,0,35,565,30971,16,11,29,0,200
62458,GEN,Red,Win,Chovy,Corki,MID,17,5,4,10,3.8,287,28,,10,13825,483,23%,52,11,12,2,2,1.82,0.38,0.07,0.42,19.9%,19979,13952,3869,2158,697,24.1%,0.52,60%,,1,1,0,0,338,18,282,0,0,4386,4386,7624,0,11729,0,1,45,20180,79,3,23,0,500
62458,GEN,Red,Win,Peyz,Ziggs,ADC,15,8,3,11,6.3,259,4,,9,15077,526,25%,25,10,5,2,2,0.87,0.35,0.07,0.17,9.6%,26708,1188,25520,0,932,32.2%,0.66,76%,,2,0,0,0,1522,1,-688,0,0,11527,11527,321,0,4387,0,14,220,9274,76,4,22,100,100
62458,GEN,Red,Win,Lehends,Rell,SUPPORT,11,0,5,22,4.4,18,0,,0.6,7862,274,13.1%,93,61,5,17,17,3.25,2.13,0.59,0.17,35.6%,4705,1361,2716,628,164,5.7%,0.77,88%,,0,0,0,0,498,-13,905,2,0,1978,1978,101,0,16992,0,32,66,20410,135,19,34,0,0
62461,HLE,Blue,Win,Doran,Vladimir,TOP,17,2,1,11,13,224,12,,7.1,12150,386,18.6%,30,13,1,6,5,0.95,0.41,0.19,0.03,8.5%,17920,487,17349,84,569,22.8%,0.41,72.2%,,0,0,0,0,-526,-16,-424,0,0,3212,3212,31140,1382,13589,0,3,115,23669,49,10,26,0,0
62461,HLE,Blue,Win,Peanut,Vi,JUNGLE,16,8,1,7,15,209,180,,6.6,14186,450,21.7%,53,7,21,5,5,1.68,0.22,0.16,0.67,15.1%,11058,10788,0,270,351,14%,0.48,83.3%,,1,1,0,0,895,-16,-232,0,0,2814,2814,17941,0,40374,0,19,342,29943,36,6,25,250,0
62461,HLE,Blue,Win,Zeka,Yone,MID,18,4,0,10,Perfect KDA,318,16,,10.1,14766,469,22.6%,45,14,11,4,4,1.43,0.44,0.13,0.35,12.8%,25231,17159,4593,3479,801,32%,0.44,77.8%,,0,0,0,0,114,6,50,0,0,4951,4951,13623,0,26390,0,22,213,24620,0,5,23,50,0
62461,HLE,Blue,Win,Viper,Ziggs,ADC,17,1,2,12,6.5,314,8,,10,14393,457,22.1%,46,18,8,8,7,1.46,0.57,0.25,0.25,13.1%,19927,566,19250,111,633,25.3%,0.41,72.2%,,0,0,0,0,236,-12,-152,0,1,14626,14626,933,0,5348,0,15,330,9394,70,10,29,0,100
62461,HLE,Blue,Win,Delight,Rakan,SUPPORT,14,3,0,12,Perfect KDA,50,0,,1.6,9761,310,15%,178,96,30,15,15,5.65,3.05,0.48,0.95,50.6%,4616,1213,3275,128,147,5.9%,0.48,83.3%,,0,0,0,0,-227,6,93,0,0,3353,3353,8234,2964,18579,1534,16,59,15195,0,17,33,100,0
62461,T1,Red,Loss,Zeus,Kennen,TOP,17,1,3,1,0.7,306,4,,9.7,13383,425,24.8%,36,16,6,5,5,1.14,0.51,0.16,0.19,13.8%,16346,7200,8936,210,519,28.6%,0.06,50%,,0,0,0,0,526,16,424,0,0,8876,8876,4913,0,19085,0,25,221,20072,101,8,26,0,100
62461,T1,Red,Loss,Oner,Lee Sin,JUNGLE,14,1,5,1,0.4,193,176,,6.1,9633,306,17.9%,46,18,8,9,8,1.46,0.57,0.29,0.25,17.6%,6842,5408,1084,350,217,12%,0.06,50%,,0,0,0,0,-895,16,232,0,0,342,342,18458,0,34726,664,13,614,37221,186,10,28,0,0
62461,T1,Red,Loss,Faker,LeBlanc,MID,16,2,3,1,1,287,9,,9.1,11902,378,22.1%,28,11,12,2,2,0.89,0.35,0.06,0.38,10.7%,18856,1929,15258,1669,599,33%,0.1,75%,1,0,0,0,0,-114,-6,-50,0,0,843,843,3228,0,9667,0,18,69,20474,95,4,21,100,100
62461,T1,Red,Loss,Gumayusi,Ashe,ADC,15,0,4,2,0.5,320,18,,10.2,12009,381,22.3%,38,15,13,8,7,1.21,0.48,0.25,0.41,14.6%,9376,6831,2333,212,298,16.4%,0.06,50%,,0,0,0,0,-236,12,152,0,0,1355,1355,2598,0,11640,0,30,687,16159,139,10,31,0,200
62461,T1,Red,Loss,Keria,Braum,SUPPORT,11,0,3,2,0.7,35,0,,1.1,6955,221,12.9%,113,66,24,20,17,3.59,2.1,0.63,0.76,43.3%,5709,546,5103,60,181,10%,0.06,50%,,0,0,0,0,227,-6,-93,0,0,3228,3228,820,0,14794,1106,28,179,19474,66,22,37,0,0
62462,T1,Blue,Loss,Zeus,Olaf,TOP,18,4,6,3,1.2,330,29,,8.3,15922,402,22.8%,46,12,10,7,5,1.16,0.3,0.18,0.25,12.4%,20955,14272,0,6683,528,19.3%,0.18,50%,2,0,0,0,0,1359,12,636,1,0,6446,6446,16686,0,63267,0,17,561,35072,181,10,32,150,200
62462,T1,Blue,Loss,Oner,Vi,JUNGLE,16,1,7,6,1,233,183,,5.9,13053,329,18.7%,48,10,13,9,8,1.21,0.25,0.23,0.33,12.9%,12531,11947,0,584,316,11.5%,0.18,50%,,0,0,0,0,234,14,636,0,0,1621,1621,20866,0,58140,0,26,355,49560,283,10,32,100,0
62462,T1,Blue,Loss,Faker,Nasus,MID,18,4,5,2,1.2,333,18,,8.4,15356,387,22%,49,23,13,10,10,1.24,0.58,0.25,0.33,13.2%,27456,15421,12035,0,692,25.2%,0.15,42.9%,,0,0,0,0,-688,-10,-870,-1,0,676,676,20387,0,58855,0,19,376,47040,157,13,31,100,200
62462,T1,Blue,Loss,Gumayusi,Seraphine,ADC,18,4,3,6,3.3,348,20,,8.8,16012,404,23%,38,16,8,8,7,0.96,0.4,0.2,0.2,10.2%,38257,1683,35974,600,965,35.1%,0.25,71.4%,,1,0,0,0,-1404,-16,-977,0,0,3016,3016,3737,117,15719,3927,35,378,19104,79,11,31,350,350
62462,T1,Blue,Loss,Keria,Shen,SUPPORT,13,1,6,10,1.8,43,2,,1.1,9387,237,13.5%,190,122,24,32,29,4.79,3.08,0.81,0.61,51.2%,9658,4883,3197,1578,244,8.9%,0.28,78.6%,,0,0,0,0,-897,0,-160,0,0,2445,2445,2830,0,28120,3890,33,145,30213,206,36,50,0,0
62462,HLE,Red,Win,Doran,Renekton,TOP,18,2,5,9,2.2,295,16,,7.4,13979,353,18.3%,44,13,15,8,8,1.11,0.33,0.2,0.38,12.3%,17321,14016,2331,974,437,12.8%,0.28,40.7%,,0,0,0,0,-1359,-12,-636,-1,0,347,347,9636,0,32044,0,24,318,40516,194,12,38,200,0
62462,HLE,Red,Win,Peanut,Sejuani,JUNGLE,17,3,3,20,7.7,204,173,,5.1,12985,327,17%,62,16,20,14,14,1.56,0.4,0.35,0.5,17.4%,19920,11013,5948,2959,502,14.7%,0.58,85.2%,1,0,0,0,0,-234,-14,-636,0,0,349,349,19040,266,66214,1358,38,501,55700,71,15,33,50,100
62462,HLE,Red,Win,Zeka,Smolder,MID,18,16,2,2,9,382,49,,9.6,20661,521,27.1%,39,17,8,5,4,0.98,0.43,0.13,0.2,10.9%,42548,26457,6604,9487,1073,31.4%,0.45,66.7%,,2,1,0,0,688,10,870,1,0,8790,8790,8952,0,16982,0,11,470,21904,86,6,28,400,500
62462,HLE,Red,Win,Viper,Ziggs,ADC,18,4,0,19,Perfect KDA,334,20,,8.4,17353,438,22.7%,46,24,5,11,11,1.16,0.61,0.28,0.13,12.9%,46396,1006,42221,3169,1170,34.2%,0.58,85.2%,,1,0,0,0,1404,16,977,0,0,14846,14846,3028,1049,6034,0,25,451,10325,0,13,38,0,0
62462,HLE,Red,Win,Delight,Leona,SUPPORT,14,2,4,17,4.8,45,0,,1.1,11320,285,14.8%,166,79,30,21,21,4.19,1.99,0.53,0.76,46.5%,9385,1908,5329,2148,237,6.9%,0.48,70.4%,1,0,0,0,0,897,0,160,0,0,3767,3767,286,0,36853,165,42,131,32642,101,25,41,100,100
62463,T1,Blue,Loss,Zeus,Camille,TOP,15,2,6,3,0.8,202,4,,6.6,10643,348,21.3%,22,7,3,4,2,0.72,0.23,0.13,0.1,9.1%,12285,7312,1056,3917,402,18%,0.16,71.4%,,0,0,0,0,-1206,4,166,0,0,5245,5245,1661,0,24634,0,16,182,24588,165,5,24,50,0
62463,T1,Blue,Loss,Oner,Sejuani,JUNGLE,13,2,5,4,1.2,140,125,,4.6,9167,300,18.3%,35,8,8,6,6,1.15,0.26,0.2,0.26,14.5%,10150,4965,4569,616,332,14.8%,0.2,85.7%,,0,0,0,0,-251,3,-3,0,0,0,0,10549,189,34599,1229,25,288,29919,138,7,23,350,0
62463,T1,Blue,Loss,Faker,Smolder,MID,15,1,5,5,1.2,250,0,,8.2,11135,364,22.3%,38,14,10,4,4,1.24,0.46,0.13,0.33,15.8%,23921,17989,4140,1792,783,35%,0.2,85.7%,,0,0,0,0,104,-3,13,0,0,684,684,4933,0,10620,0,10,188,19727,162,5,18,0,50
62463,T1,Blue,Loss,Gumayusi,Ziggs,ADC,15,2,5,3,1,318,6,,10.4,12650,414,25.3%,40,17,8,9,7,1.31,0.56,0.29,0.26,16.6%,16638,503,15925,210,544,24.3%,0.16,71.4%,,0,0,0,0,-391,-1,-631,-1,0,1198,1198,100,0,8311,0,14,302,13562,175,11,26,0,50
62463,T1,Blue,Loss,Keria,Alistar,SUPPORT,10,0,5,7,1.4,27,0,,0.9,6385,209,12.8%,106,68,5,21,19,3.47,2.22,0.69,0.16,44%,5389,677,3797,915,176,7.9%,0.23,100%,,0,0,0,0,-426,-5,-263,-1,0,100,100,4300,2337,25203,0,45,78,21603,99,23,39,0,0
62463,HLE,Red,Win,Doran,Jax,TOP,17,7,0,14,Perfect KDA,212,12,,6.9,14715,481,22.7%,43,19,5,8,8,1.41,0.62,0.26,0.16,14.6%,19834,9855,9497,482,649,22.5%,0.69,80.8%,,0,1,0,0,1206,-4,-166,0,0,14006,14006,6047,0,19011,0,20,185,23057,0,9,28,100,0
62463,HLE,Red,Win,Peanut,Vi,JUNGLE,16,5,1,17,22,192,181,,6.3,12717,416,19.6%,50,12,10,10,10,1.64,0.39,0.33,0.33,17%,13779,13103,0,676,451,15.6%,0.72,84.6%,,1,0,0,0,251,-3,3,0,0,3025,3025,17532,0,34473,0,29,375,27085,12,11,27,0,0
62463,HLE,Red,Win,Zeka,Yone,MID,16,4,0,15,Perfect KDA,274,8,,9,13827,452,21.4%,35,10,9,7,7,1.15,0.33,0.23,0.29,11.9%,22775,15401,4942,2432,745,25.8%,0.62,73.1%,,1,0,0,0,-104,3,-13,0,0,5878,5878,9277,0,21612,0,27,294,20564,0,9,25,0,0
62463,HLE,Red,Win,Viper,Kai,ADC,17,9,3,7,5.3,316,38,,10.3,15137,495,23.4%,54,16,13,6,6,1.77,0.52,0.2,0.43,18.4%,28130,9185,18358,587,920,31.9%,0.52,61.5%,,2,1,0,0,391,1,631,1,0,2873,2873,3498,0,9499,0,2,94,16041,139,8,27,0,400
62463,HLE,Red,Win,Delight,Rell,SUPPORT,12,1,3,12,4.3,38,0,,1.2,8349,273,12.9%,112,50,11,13,13,3.66,1.64,0.43,0.36,38.1%,3602,624,2331,647,118,4.1%,0.43,50%,,0,0,0,0,426,5,263,1,0,3888,3888,463,0,17100,0,28,71,16651,67,15,29,0,0
62526,GEN,Blue,Loss,Kiin,K,TOP,15,0,4,2,0.5,224,4,,6.8,9918,300,18.3%,32,14,3,6,6,0.97,0.42,0.18,0.09,12.1%,9568,8006,872,690,289,13%,0.06,33.3%,,0,0,0,0,-1458,-12,-836,-1,0,0,0,1511,0,38375,678,25,2489,24858,102,7,23,0,0
62526,GEN,Blue,Loss,Canyon,Maokai,JUNGLE,14,0,5,1,0.2,182,162,,5.5,9038,273,16.7%,48,9,14,8,7,1.45,0.27,0.24,0.42,18.1%,9061,164,8569,328,274,12.3%,0.03,16.7%,,0,0,0,0,65,17,543,0,0,2098,2098,17251,0,39668,1544,45,617,40546,151,9,26,0,0
62526,GEN,Blue,Loss,Chovy,Zeri,MID,17,3,1,0,3,363,32,,11,14746,445,27.2%,51,5,28,5,5,1.54,0.15,0.15,0.85,19.2%,19661,14451,4625,585,594,26.8%,0.09,50%,,1,0,0,0,409,17,377,1,0,3946,3946,7080,0,11394,0,8,201,17029,52,8,27,200,200
62526,GEN,Blue,Loss,Peyz,Ezreal,ADC,17,3,1,2,5,334,14,,10.1,13585,410,25.1%,24,10,8,2,2,0.73,0.3,0.06,0.24,9.1%,31835,18587,12402,846,962,43.4%,0.15,83.3%,1,0,0,0,0,-1319,-16,131,0,0,501,501,7842,0,9554,0,4,174,14519,0,4,20,0,100
62526,GEN,Blue,Loss,Lehends,Blitzcrank,SUPPORT,10,0,6,5,0.8,34,4,,1,6835,206,12.6%,110,71,9,24,21,3.32,2.15,0.73,0.27,41.5%,3289,461,2096,732,99,4.5%,0.15,83.3%,,0,0,0,0,31,-4,-94,0,0,135,135,470,0,11226,0,25,134,17496,132,26,42,0,0
62526,HLE,Red,Win,Doran,Jax,TOP,16,4,2,4,4,224,2,,6.8,12903,390,19.6%,43,21,4,10,10,1.3,0.63,0.3,0.12,14.8%,11896,5314,6180,402,359,14.3%,0.24,47.1%,1,0,0,0,0,1458,12,836,1,0,7246,7246,4539,0,24953,0,14,190,24428,100,11,28,0,200
62526,HLE,Red,Win,Peanut,Sejuani,JUNGLE,15,1,2,15,8,177,164,,5.3,11036,333,16.8%,41,11,7,9,9,1.24,0.33,0.27,0.21,14.1%,8711,4133,4025,553,263,10.5%,0.48,94.1%,,0,0,0,0,-65,-17,-543,0,0,554,554,17403,110,68503,1319,19,309,44081,47,10,28,0,0
62526,HLE,Red,Win,Zeka,Smolder,MID,18,5,0,9,Perfect KDA,324,16,,9.8,16265,491,24.7%,44,17,12,5,5,1.33,0.51,0.15,0.36,15.1%,26663,17269,5209,4185,806,32.1%,0.42,82.4%,,1,0,0,0,-409,-17,-377,-1,0,5372,5372,7893,0,9147,0,10,363,14073,0,6,25,300,0
62526,HLE,Red,Win,Viper,Miss Fortune,ADC,18,7,1,8,15,357,32,,10.8,17407,526,26.5%,40,17,10,5,5,1.21,0.51,0.15,0.3,13.7%,31401,29940,1022,439,949,37.8%,0.45,88.2%,,1,0,0,0,1319,16,-131,0,0,12154,12154,4660,0,19825,0,9,220,7335,14,7,25,0,0
62526,HLE,Red,Win,Delight,Nautilus,SUPPORT,13,0,1,12,12,37,0,,1.1,8156,246,12.4%,123,60,13,19,18,3.72,1.81,0.57,0.39,42.3%,4502,1063,2417,1022,136,5.4%,0.36,70.6%,,0,0,0,0,-31,4,94,0,0,573,573,2879,0,27096,0,32,153,19564,12,21,37,0,0
62527,GEN,Blue,Win,Kiin,K,TOP,15,1,3,8,3,204,0,,7,10761,372,17.4%,40,12,10,6,6,1.38,0.41,0.21,0.35,13.7%,12538,9780,1841,917,433,15.5%,0.31,40.9%,,0,0,0,0,-594,15,601,0,0,2290,2290,5470,0,30341,742,22,1414,21862,75,8,24,0,0
62527,GEN,Blue,Win,Canyon,Nidalee,JUNGLE,16,4,1,15,19,190,170,,6.6,12661,437,20.5%,43,11,13,9,8,1.49,0.38,0.31,0.45,14.7%,12170,816,9293,2061,420,15%,0.66,86.4%,,0,0,0,0,-108,6,357,1,0,9479,9479,32644,6710,23968,0,6,125,35565,16,10,24,0,0
62527,GEN,Blue,Win,Chovy,Smolder,MID,17,6,1,10,16,296,12,,10.2,13761,475,22.3%,45,14,12,5,5,1.55,0.48,0.17,0.41,15.4%,23083,14601,5323,3159,797,28.5%,0.55,72.7%,,0,0,0,0,309,-16,127,0,0,3552,3552,7334,0,12007,0,9,282,18903,32,6,26,50,150
62527,GEN,Blue,Win,Peyz,Kalista,ADC,16,10,0,8,Perfect KDA,272,24,,9.4,16101,556,26.1%,38,14,12,5,5,1.31,0.48,0.17,0.41,13%,26471,19113,5804,1554,914,32.6%,0.62,81.8%,,1,1,0,0,1381,31,1640,1,0,11249,11249,10295,0,12437,0,10,373,20756,0,7,22,200,0
62527,GEN,Blue,Win,Lehends,Renata Glasc,SUPPORT,13,1,1,18,19,31,0,,1.1,8426,291,13.7%,126,77,14,16,16,4.35,2.66,0.55,0.48,43.2%,6869,1170,4446,1253,237,8.5%,0.66,86.4%,,0,0,0,0,-23,-1,259,0,0,3961,3961,4224,0,13734,3615,21,175,20073,12,19,34,0,0
62527,HLE,Red,Loss,Doran,Renekton,TOP,14,2,4,2,1,199,2,,6.9,10084,348,20.7%,28,9,8,7,6,0.97,0.31,0.24,0.28,11.8%,10747,9002,1745,0,371,14.5%,0.14,66.7%,,0,0,0,0,594,-15,-601,0,0,1983,1983,7192,0,27715,0,10,36,29644,126,9,28,0,100
62527,HLE,Red,Loss,Peanut,Zyra,JUNGLE,13,2,5,3,1,184,154,,6.4,9675,334,19.9%,56,24,17,5,5,1.93,0.83,0.17,0.59,23.6%,23713,300,20748,2665,819,31.9%,0.17,83.3%,,0,0,0,0,108,-6,-357,-1,0,113,113,5177,0,10672,0,28,433,19879,169,5,17,150,0
62527,HLE,Red,Loss,Zeka,Yone,MID,15,0,3,1,0.3,281,8,,9.7,10827,374,22.2%,29,16,10,8,7,1,0.55,0.28,0.35,12.2%,13747,8817,2660,2270,475,18.5%,0.03,16.7%,,0,0,0,0,-309,16,-127,0,0,3673,3673,5685,0,21931,0,14,166,21138,73,9,28,0,50
62527,HLE,Red,Loss,Viper,Miss Fortune,ADC,14,2,4,3,1.3,265,19,,9.2,11754,406,24.2%,31,10,9,3,2,1.07,0.35,0.1,0.31,13.1%,21893,21291,602,0,756,29.5%,0.17,83.3%,,0,0,0,0,-1381,-31,-1640,-1,0,5477,5477,1761,0,15491,0,5,123,9786,109,4,20,0,100
62527,HLE,Red,Loss,Delight,Leona,SUPPORT,9,0,6,5,0.8,33,0,,1.1,6322,218,13%,93,54,11,18,17,3.21,1.87,0.62,0.38,39.2%,4211,986,2466,759,145,5.7%,0.17,83.3%,,0,0,0,0,23,1,-259,0,0,0,0,94,0,14658,0,22,60,17067,104,20,33,0,0
62528,HLE,Blue,Loss,Doran,K,TOP,14,0,4,4,1,196,0,,6.3,9871,316,19%,30,13,6,7,7,0.96,0.42,0.22,0.19,11.6%,11876,9165,1617,1094,380,20.6%,0.13,80%,,0,0,0,0,769,11,592,1,0,3272,3272,4398,0,38881,145,34,1895,29749,174,8,27,0,0
62528,HLE,Blue,Loss,Peanut,Vi,JUNGLE,15,2,4,2,1,218,185,,7,10766,344,20.7%,47,11,16,9,8,1.5,0.35,0.29,0.51,18.2%,7591,6973,41,577,243,13.2%,0.13,80%,,0,0,0,0,802,16,318,1,1,2483,2483,13122,0,40472,0,19,333,33354,102,10,28,0,100
62528,HLE,Blue,Loss,Zeka,Azir,MID,15,0,3,3,1,269,21,,8.6,11595,371,22.3%,46,18,11,9,8,1.47,0.58,0.29,0.35,17.8%,22567,429,21893,245,722,39.2%,0.1,60%,,0,0,0,0,596,0,-542,0,0,2206,2206,3172,0,14378,0,11,202,20076,145,11,31,0,150
62528,HLE,Blue,Loss,Viper,Senna,ADC,12,2,0,2,Perfect KDA,53,1,,1.7,9172,293,17.6%,103,48,24,11,11,3.29,1.54,0.35,0.77,39.9%,8594,7069,1135,390,275,14.9%,0.13,80%,,0,0,0,0,-1378,-120,-2931,-3,0,552,552,22049,12124,6951,2891,47,291,13580,0,13,32,650,0
62528,HLE,Blue,Loss,Delight,Ornn,SUPPORT,15,1,1,1,2,261,0,,8.3,10620,340,20.4%,32,17,5,5,5,1.02,0.54,0.16,0.16,12.4%,6930,2384,4450,96,222,12%,0.06,40%,,0,0,0,0,1490,114,3283,3,0,206,206,1975,0,35994,0,29,938,22945,0,6,24,0,0
62528,GEN,Red,Win,Kiin,Nasus,TOP,16,4,1,7,11,216,8,,6.9,11669,373,20.5%,32,10,7,5,5,1.02,0.32,0.16,0.22,11.2%,24172,18794,5128,250,773,25.4%,0.35,91.7%,2,0,0,0,0,-769,-11,-592,-1,0,7734,7734,17651,0,36661,0,19,491,32674,38,7,22,0,0
62528,GEN,Red,Win,Canyon,Skarner,JUNGLE,15,0,1,7,7,169,151,,5.4,9481,303,16.7%,41,14,7,11,10,1.31,0.45,0.35,0.22,14.4%,8906,5602,2980,324,285,9.3%,0.22,58.3%,,0,0,0,0,-802,-16,-318,-1,0,696,696,13963,0,41968,0,26,667,28034,36,12,26,0,0
62528,GEN,Red,Win,Chovy,Corki,MID,17,4,2,6,5,322,21,,10.3,14587,467,25.6%,50,14,15,8,6,1.6,0.45,0.26,0.48,17.5%,34782,23543,6097,5142,1112,36.5%,0.32,83.3%,1,0,0,0,0,-596,0,542,0,0,8950,8950,7406,0,9764,0,1,61,18843,12,10,28,100,650
62528,GEN,Red,Win,Peyz,Ashe,ADC,16,4,0,5,Perfect KDA,302,26,,9.7,13496,432,23.7%,41,10,11,2,2,1.31,0.32,0.06,0.35,14.4%,20755,19478,836,441,664,21.8%,0.29,75%,,1,0,0,0,1378,120,2931,3,0,5828,5828,2384,0,3431,0,44,1056,5762,0,3,19,150,0
62528,GEN,Red,Win,Lehends,Renata Glasc,SUPPORT,12,0,1,9,9,29,0,,0.9,7649,245,13.4%,121,81,9,21,21,3.87,2.59,0.67,0.29,42.5%,6693,866,4981,846,214,7%,0.29,75%,,0,0,0,0,-1490,-114,-3283,-3,0,874,874,1941,0,9371,4829,18,276,9807,26,23,37,0,0
62529,HLE,Blue,Loss,Doran,Jax,TOP,15,1,4,4,1.3,226,12,,7.2,10217,325,20.2%,35,17,7,5,5,1.11,0.54,0.16,0.22,15.4%,11085,5324,5697,64,352,13.9%,0.16,50%,,0,0,0,0,-392,-6,-753,-1,0,3886,3886,5090,0,26389,0,15,142,30553,117,6,22,0,0
62529,HLE,Blue,Loss,Peanut,Vi,JUNGLE,14,1,5,6,1.4,186,167,,5.9,9622,306,19%,35,5,10,5,4,1.11,0.16,0.16,0.32,15.4%,7314,7100,0,214,232,9.2%,0.22,70%,,0,0,0,0,93,23,973,1,0,334,334,12341,0,30740,0,17,280,31620,168,6,24,0,0
62529,HLE,Blue,Loss,Zeka,Zeri,MID,15,6,5,3,1.8,249,12,,7.9,12545,398,24.8%,27,11,7,6,5,0.86,0.35,0.19,0.22,11.8%,26381,18573,7472,336,838,33%,0.29,90%,,1,0,0,0,-98,-26,-824,-1,0,3474,3474,7740,0,15722,0,6,116,25625,133,7,34,100,150
62529,HLE,Blue,Loss,Viper,Ziggs,ADC,15,2,6,6,1.3,257,2,,8.2,11479,365,22.7%,25,12,2,3,2,0.79,0.38,0.1,0.06,11%,30152,631,29521,0,958,37.8%,0.25,80%,,1,0,0,0,-2321,3,-399,-1,0,3157,3157,923,0,9442,0,17,330,16696,178,6,25,500,0
62529,HLE,Blue,Loss,Delight,Leona,SUPPORT,10,0,8,5,0.6,34,0,,1.1,6688,212,13.2%,106,48,16,14,12,3.37,1.52,0.44,0.51,46.5%,4923,1141,2516,1266,156,6.2%,0.16,50%,,0,0,0,0,-262,13,158,0,0,0,0,237,0,24053,0,26,62,25562,152,16,30,0,0
62529,GEN,Red,Win,Kiin,K,TOP,16,0,3,17,5.7,206,8,,6.5,10627,338,16.7%,35,13,6,8,7,1.11,0.41,0.25,0.19,13.1%,20572,16734,1954,1884,653,18.8%,0.54,60.7%,,0,0,0,0,392,6,753,1,0,2939,2939,6355,0,32696,642,45,2190,26301,81,11,30,0,0
62529,GEN,Red,Win,Canyon,Maokai,JUNGLE,15,1,2,21,11,139,123,,4.4,9588,305,15%,42,11,10,11,9,1.33,0.35,0.35,0.32,15.7%,13446,1143,11937,366,427,12.3%,0.7,78.6%,,0,0,0,0,-93,-23,-973,-1,0,2809,2809,28633,0,37847,1914,58,536,40802,28,12,28,0,0
62529,GEN,Red,Win,Chovy,Corki,MID,18,9,1,14,23,327,32,,10.4,17307,550,27.2%,56,17,18,7,6,1.78,0.54,0.22,0.57,21%,36141,25493,7254,3394,1148,33.1%,0.73,82.1%,,1,0,0,0,98,26,824,1,0,12227,12227,8735,0,11500,0,4,116,17692,45,9,29,50,500
62529,GEN,Red,Win,Peyz,Jhin,ADC,17,18,1,10,28,297,19,,9.4,17932,570,28.1%,27,15,8,5,5,0.86,0.48,0.16,0.25,10.1%,33938,28434,4710,794,1078,31.1%,0.89,100%,1,4,1,0,0,2321,-3,399,1,0,5066,5066,11591,0,9169,0,39,190,16871,20,7,28,100,100
62529,GEN,Red,Win,Lehends,Blitzcrank,SUPPORT,12,0,3,23,7.7,21,0,,0.7,8271,263,13%,107,64,6,18,18,3.4,2.03,0.57,0.19,40.1%,5120,1757,2763,600,163,4.7%,0.73,82.1%,,0,0,0,0,262,-13,-158,0,0,1162,1162,4082,162,15624,858,29,143,16009,64,20,34,0,0
62531,DK,Blue,Win,kingen,Gnar,TOP,17,1,1,4,5,239,20,,7.2,12337,372,19%,47,10,10,5,5,1.42,0.3,0.15,0.3,14.6%,14552,12949,1087,516,439,23.3%,0.15,55.6%,,0,0,0,0,452,17,1092,1,0,5973,5973,6650,0,19704,0,31,438,19095,0,6,25,0,0
62531,DK,Blue,Win,Lucid,Vi,JUNGLE,16,2,1,5,7,238,218,,7.2,12757,385,19.6%,49,16,7,14,14,1.48,0.48,0.42,0.21,15.2%,6188,5566,0,622,187,9.9%,0.21,77.8%,,0,0,0,0,1808,10,1806,1,0,1081,1081,17242,0,45386,0,14,378,28170,0,15,34,50,100
62531,DK,Blue,Win,ShowMaker,Taliyah,MID,17,4,0,3,Perfect KDA,306,5,,9.2,14242,430,21.9%,59,26,10,14,13,1.78,0.78,0.42,0.3,18.3%,17029,697,16276,56,514,27.2%,0.21,77.8%,,1,0,0,0,36,-18,101,0,0,954,954,1778,255,3673,0,24,479,6610,0,16,34,50,0
62531,DK,Blue,Win,Aiming,Ziggs,ADC,18,1,0,5,Perfect KDA,376,13,,11.3,16359,494,25.1%,25,10,5,2,2,0.75,0.3,0.06,0.15,7.7%,18755,559,18016,180,566,30%,0.18,66.7%,,0,0,0,0,614,21,1061,0,0,20502,20502,619,0,3389,0,15,437,7090,0,4,25,0,0
62531,DK,Blue,Win,Moham,Leona,SUPPORT,13,1,1,7,8,45,0,,1.4,9370,283,14.4%,143,61,27,16,16,4.32,1.84,0.48,0.81,44.3%,5992,1020,3574,1398,181,9.6%,0.24,88.9%,,0,0,0,0,258,5,-1920,-2,0,2528,2528,1733,0,14056,0,30,70,16580,14,18,34,0,0
62531,T1,Red,Loss,Zeus,K,TOP,16,1,3,2,1,243,0,,7.3,10998,332,20%,24,8,3,6,3,0.72,0.24,0.18,0.09,9.4%,7552,5834,792,926,228,18.5%,0.09,100%,1,0,0,0,0,-452,-17,-1092,-1,0,1659,1659,2410,0,34640,537,21,2613,25373,85,7,28,0,0
62531,T1,Red,Loss,Oner,Maokai,JUNGLE,14,0,2,2,1,175,156,,5.3,8945,270,16.2%,51,12,16,10,10,1.54,0.36,0.3,0.48,20.1%,7983,321,7364,298,241,19.6%,0.06,66.7%,,0,0,0,0,-1808,-10,-1806,-1,0,0,0,17928,0,26892,1058,37,535,32621,42,11,27,0,0
62531,T1,Red,Loss,Faker,Corki,MID,17,2,1,0,2,347,23,,10.5,13876,419,25.2%,43,15,10,6,6,1.3,0.45,0.18,0.3,16.9%,13728,10094,2269,1365,414,33.7%,0.06,66.7%,,0,0,0,0,-36,18,-101,0,0,1079,1079,5317,0,8314,0,2,113,13469,35,7,22,100,50
62531,T1,Red,Loss,Gumayusi,Nilah,ADC,17,0,3,1,0.3,353,12,,10.7,13860,418,25.2%,28,13,7,5,5,0.85,0.39,0.15,0.21,11%,7381,7075,0,306,223,18.1%,0.03,33.3%,,0,0,0,0,-614,-21,-1061,0,0,7538,7538,3850,631,21917,210,5,104,13186,48,7,24,0,50
62531,T1,Red,Loss,Keria,Zilean,SUPPORT,15,0,0,1,Perfect KDA,33,0,,1,7405,223,13.4%,108,69,9,17,17,3.26,2.08,0.51,0.27,42.5%,4085,1136,2921,28,123,10%,0.03,33.3%,,0,0,0,0,-258,-5,1920,2,0,1952,1952,3053,2538,3003,811,12,78,5639,0,19,32,0,0
62532,T1,Blue,Win,Zeus,Camille,TOP,17,14,3,4,6,238,4,,8,16112,541,27.8%,32,8,7,3,3,1.08,0.27,0.1,0.24,13.9%,29238,15328,1619,12291,982,26.2%,0.6,90%,,1,0,1,0,935,13,-145,0,0,10226,10226,6233,0,44096,0,24,321,35451,119,4,24,400,500
62532,T1,Blue,Win,Oner,Sejuani,JUNGLE,15,1,1,16,17,197,165,,6.6,11347,381,19.6%,45,8,13,6,6,1.51,0.27,0.2,0.44,19.5%,13328,7605,4541,1182,448,12%,0.57,85%,,0,0,0,0,501,7,512,1,0,2318,2318,15670,0,54891,1335,27,392,43431,42,7,21,50,0
62532,T1,Blue,Win,Faker,Corki,MID,16,3,3,10,4.3,255,16,,8.6,12022,404,20.8%,28,13,4,4,3,0.94,0.44,0.13,0.13,12.1%,26960,18640,5435,2885,906,24.2%,0.44,65%,1,0,0,0,0,27,11,545,1,0,5453,5453,8258,0,15314,0,2,43,23913,133,6,23,0,200
62532,T1,Blue,Win,Gumayusi,Ziggs,ADC,15,2,3,13,5,263,0,,8.8,11815,397,20.4%,37,14,4,5,5,1.24,0.47,0.17,0.13,16%,37195,697,36408,90,1250,33.4%,0.5,75%,,0,0,0,0,-290,-14,-837,0,0,3942,3942,1737,0,7468,0,19,249,15437,115,8,23,0,250
62532,T1,Blue,Win,Keria,Alistar,SUPPORT,12,0,3,12,4,39,0,,1.3,6637,223,11.5%,89,44,11,12,11,2.99,1.48,0.4,0.37,38.5%,4704,422,3234,1048,158,4.2%,0.4,60%,,0,0,0,0,-142,5,423,0,0,1892,1892,9737,6121,23993,0,27,54,22577,99,14,26,0,0
62532,DK,Red,Loss,kingen,Gangplank,TOP,16,5,4,4,2.3,200,12,,6.7,11927,401,22.3%,31,14,2,6,5,1.04,0.47,0.2,0.07,13.4%,23978,13409,7131,3438,806,24.1%,0.3,69.2%,,1,0,0,0,-935,-13,145,0,0,3310,3310,7281,0,18611,0,15,283,26617,154,8,29,250,100
62532,DK,Red,Loss,Lucid,Maokai,JUNGLE,14,1,5,8,1.8,158,146,,5.3,9477,318,17.7%,40,12,8,13,11,1.34,0.4,0.44,0.27,17.2%,17615,979,15870,766,592,17.7%,0.3,69.2%,,0,0,0,0,-501,-7,-512,-1,1,224,224,19146,0,26564,0,45,555,45583,146,15,30,0,0
62532,DK,Red,Loss,ShowMaker,Nasus,MID,15,2,5,5,1.4,219,4,,7.4,10845,364,20.2%,33,10,8,10,8,1.11,0.34,0.34,0.27,14.2%,21679,11665,9823,191,728,21.8%,0.24,53.8%,,0,0,0,0,-27,-11,-545,-1,0,7089,7089,8714,0,27673,0,14,395,31055,201,12,29,100,0
62532,DK,Red,Loss,Aiming,Ezreal,ADC,16,4,2,2,3,297,10,,10,13798,464,25.7%,29,14,7,3,3,0.97,0.47,0.1,0.24,12.5%,28513,18458,8418,1637,958,28.7%,0.2,46.2%,,1,0,0,0,290,14,837,0,0,7692,7692,6519,0,8418,0,5,147,17534,45,4,20,300,350
62532,DK,Red,Loss,Moham,Nautilus,SUPPORT,11,1,4,6,1.8,33,0,,1.1,7549,254,14.1%,99,48,12,16,13,3.33,1.61,0.54,0.4,42.7%,7698,1734,4685,1279,259,7.7%,0.24,53.8%,,0,0,0,0,142,-5,-423,0,0,1047,1047,1388,0,27189,0,53,208,21515,100,18,33,300,0
62533,DK,Blue,Loss,kingen,Aatrox,TOP,14,0,7,3,0.4,173,4,,6.3,7856,284,18.1%,26,7,3,1,1,0.94,0.25,0.04,0.11,11.8%,11074,9103,1971,0,401,21%,0.11,42.9%,,0,0,0,0,-1604,-54,-1786,-1,0,998,998,9008,0,23523,0,13,189,34192,192,2,21,0,0
62533,DK,Blue,Loss,Lucid,Maokai,JUNGLE,12,2,3,3,1.7,151,134,,5.5,8553,309,19.8%,30,9,7,6,5,1.08,0.33,0.22,0.25,13.6%,12976,731,11910,335,469,24.7%,0.18,71.4%,,0,0,0,0,-220,-18,-407,0,0,0,0,15820,0,17058,0,45,412,30839,86,7,21,100,0
62533,DK,Blue,Loss,ShowMaker,LeBlanc,MID,14,5,3,2,2.3,214,0,,7.7,10922,395,25.2%,50,21,11,5,5,1.81,0.76,0.18,0.4,22.6%,16227,1523,12409,2295,587,30.8%,0.25,100%,1,0,0,0,0,-218,9,1168,1,0,1334,1334,1870,0,8448,0,12,38,18126,95,7,24,250,50
62533,DK,Blue,Loss,Aiming,Jhin,ADC,15,0,1,1,1,277,0,,10,10510,380,24.3%,29,10,9,2,1,1.05,0.36,0.07,0.33,13.1%,9624,8749,803,72,348,18.3%,0.04,14.3%,,0,0,0,0,-162,-4,-946,0,0,453,453,2987,0,4803,0,23,151,11522,0,3,20,0,0
62533,DK,Blue,Loss,Moham,Rell,SUPPORT,9,0,7,3,0.4,16,0,,0.6,5449,197,12.6%,86,47,7,12,12,3.11,1.7,0.43,0.25,38.9%,2721,503,1618,600,98,5.2%,0.11,42.9%,,0,0,0,0,-577,-6,-809,-1,0,0,0,108,0,16039,0,21,47,17959,110,14,25,0,0
62533,T1,Red,Win,Zeus,Yone,TOP,16,2,2,8,5,259,36,,9.4,11653,421,20.1%,36,12,3,5,5,1.3,0.43,0.18,0.11,15.4%,15597,9978,3489,2130,564,17.5%,0.36,47.6%,,0,0,0,0,1604,54,1786,1,0,5537,5537,8923,0,27981,0,13,230,22883,79,6,28,0,150
62533,T1,Red,Win,Oner,Sejuani,JUNGLE,14,3,2,12,7.5,170,151,,6.1,10105,365,17.4%,36,9,6,8,8,1.3,0.33,0.29,0.22,15.4%,10286,5697,3630,959,372,11.6%,0.54,71.4%,,0,0,0,0,220,18,407,0,0,1576,1576,16282,0,36619,732,22,319,34358,50,9,23,50,100
62533,T1,Red,Win,Faker,Corki,MID,16,11,1,6,17,266,34,,9.6,15434,558,26.6%,30,11,13,1,1,1.08,0.4,0.04,0.47,12.8%,35183,25494,5931,3758,1272,39.5%,0.61,81%,1,4,0,0,0,218,-9,-1168,-1,0,9794,9794,7438,0,12081,0,4,130,18366,25,2,21,0,100
62533,T1,Red,Win,Gumayusi,Ziggs,ADC,16,5,0,4,Perfect KDA,291,11,,10.5,13144,475,22.6%,27,13,3,5,5,0.98,0.47,0.18,0.11,11.5%,21228,497,20362,369,768,23.8%,0.33,42.9%,,1,0,0,0,162,4,946,0,0,7575,7575,910,0,3170,0,15,317,6890,0,7,26,0,0
62533,T1,Red,Win,Keria,Leona,SUPPORT,11,0,2,11,5.5,30,0,,1.1,7720,279,13.3%,105,49,12,13,13,3.8,1.77,0.47,0.43,44.9%,6717,1503,3593,1621,243,7.5%,0.4,52.4%,,0,0,0,0,577,6,809,1,0,2091,2091,964,0,10256,0,33,94,12566,32,16,31,0,0
62534,T1,Blue,Win,Zeus,Gnar,TOP,17,3,2,8,5.5,264,20,,9,13595,461,23.2%,31,8,9,1,1,1.05,0.27,0.03,0.31,12.5%,21606,16756,4460,390,733,30.1%,0.37,61.1%,1,0,0,0,0,1553,17,1590,2,0,8109,8109,7812,0,23693,0,27,416,28410,87,2,24,0,250
62534,T1,Blue,Win,Oner,Sejuani,JUNGLE,14,6,1,10,16,178,157,,6,11844,402,20.3%,36,11,7,9,9,1.22,0.37,0.31,0.24,14.5%,10063,6239,2743,1081,342,14%,0.54,88.9%,,1,0,0,0,1522,13,784,1,0,2673,2673,13194,0,39281,799,21,370,30442,43,10,23,150,400
62534,T1,Blue,Win,Faker,Azir,MID,16,4,4,4,2,250,4,,8.5,12388,420,21.2%,41,13,4,4,4,1.39,0.44,0.14,0.14,16.5%,17718,686,16957,75,601,24.7%,0.27,44.4%,,1,0,0,0,138,3,-232,0,0,5100,5100,1535,0,10569,0,9,166,15734,156,7,26,0,50
62534,T1,Blue,Win,Gumayusi,Jhin,ADC,16,5,2,3,4,308,19,,10.5,13283,451,22.7%,28,11,6,2,2,0.95,0.37,0.07,0.2,11.3%,17990,16573,1208,209,611,25.1%,0.27,44.4%,,0,0,0,0,-559,0,-283,0,0,3134,3134,6588,0,6921,0,24,152,14394,50,3,22,0,50
62534,T1,Blue,Win,Keria,Alistar,SUPPORT,11,0,0,12,Perfect KDA,15,0,,0.5,7375,250,12.6%,112,66,8,17,16,3.8,2.24,0.58,0.27,45.2%,4364,651,2897,816,148,6.1%,0.41,66.7%,,0,0,0,0,216,-8,-305,0,0,1175,1175,8035,4608,12452,0,34,89,12083,0,19,32,0,0
62534,DK,Red,Loss,kingen,Corki,TOP,15,1,6,1,0.3,234,15,,7.9,9695,329,19.9%,21,10,4,0,0,0.71,0.34,0,0.14,9.3%,17643,12051,4086,1506,599,26.2%,0.07,22.2%,,0,0,0,0,-1553,-17,-1590,-2,0,312,312,5444,0,13881,0,0,81,22563,137,3,22,0,0
62534,DK,Red,Loss,Lucid,Maokai,JUNGLE,13,1,4,6,1.8,161,149,,5.5,8620,293,17.7%,39,9,8,9,7,1.32,0.31,0.31,0.27,17.3%,14419,268,14027,124,489,21.4%,0.24,77.8%,,0,0,0,0,-1522,-13,-784,-1,0,0,0,17756,0,20380,0,34,429,31178,119,10,25,50,0
62534,DK,Red,Loss,ShowMaker,Yone,MID,15,3,3,3,2,237,14,,8,11105,377,22.8%,35,13,9,6,6,1.19,0.44,0.2,0.31,15.6%,13426,8807,2506,2113,456,19.9%,0.2,66.7%,,1,0,0,0,-138,-3,232,0,0,118,118,6877,0,18197,0,11,179,22800,70,7,23,400,0
62534,DK,Red,Loss,Aiming,Miss Fortune,ADC,16,4,1,4,8,299,7,,10.1,13109,445,26.9%,20,8,5,1,1,0.68,0.27,0.03,0.17,8.9%,18584,17482,878,224,631,27.6%,0.27,88.9%,,0,0,0,0,559,0,283,0,0,5604,5604,4584,0,14525,0,6,122,9215,0,3,19,300,150
62534,DK,Red,Loss,Moham,Rell,SUPPORT,11,0,4,7,1.8,25,0,,0.8,6207,211,12.7%,110,52,12,13,13,3.73,1.76,0.44,0.41,48.9%,3382,495,2165,722,115,5%,0.24,77.8%,,0,0,0,0,-216,8,305,0,0,891,891,1351,0,14909,0,20,53,14621,44,15,28,0,0
62569,HLE,Blue,Win,Doran,Jax,TOP,16,1,3,7,2.7,232,12,,7.7,10842,359,19.2%,29,16,5,5,4,0.96,0.53,0.17,0.17,9.6%,11580,5684,5506,390,383,15.7%,0.26,50%,,0,0,0,0,-1739,-26,-773,-1,0,8769,8769,3059,0,18327,0,15,144,25055,67,6,23,100,0
62569,HLE,Blue,Win,Peanut,Poppy,JUNGLE,15,2,0,10,Perfect KDA,171,162,,5.7,10464,346,18.5%,41,10,7,9,9,1.36,0.33,0.3,0.23,13.6%,8140,5632,1608,900,269,11%,0.4,75%,1,0,0,0,0,702,-6,153,0,0,3068,3068,14909,0,41784,1062,30,742,29114,0,10,23,0,0
62569,HLE,Blue,Win,Zeka,Smolder,MID,16,7,0,5,Perfect KDA,289,23,,9.6,13734,454,24.3%,56,13,11,4,4,1.85,0.43,0.13,0.36,18.6%,28297,18712,5525,4060,936,38.3%,0.4,75%,,0,0,0,0,204,-3,104,1,0,4260,4260,7936,0,9305,0,15,360,15206,0,5,25,200,0
62569,HLE,Blue,Win,Viper,Jhin,ADC,16,6,0,8,Perfect KDA,294,13,,9.7,13970,462,24.8%,35,16,7,5,5,1.16,0.53,0.17,0.23,11.6%,21018,17201,3277,540,695,28.5%,0.46,87.5%,,1,0,0,0,1003,5,595,1,0,7541,7541,7817,0,7286,0,32,219,14959,0,6,24,50,0
62569,HLE,Blue,Win,Delight,Bard,SUPPORT,11,0,2,6,3,33,0,,1.1,7409,245,13.1%,140,69,16,13,12,4.63,2.28,0.43,0.53,46.5%,4809,1147,3352,310,159,6.5%,0.2,37.5%,,0,0,0,0,661,3,821,1,0,2006,2006,5145,1838,12177,2218,28,145,13768,65,16,32,0,0
62569,T1,Red,Loss,Zeus,Gnar,TOP,16,2,2,0,1,278,20,,9.2,12819,424,25.5%,29,13,7,8,7,0.96,0.43,0.26,0.23,13.7%,15469,12789,2458,222,512,22.1%,0.07,40%,,0,0,0,0,1739,26,773,1,0,5894,5894,6884,0,27332,0,16,541,21461,52,12,39,0,200
62569,T1,Red,Loss,Oner,Sejuani,JUNGLE,14,1,2,1,1,181,166,,6,9138,302,18.2%,34,8,7,7,7,1.12,0.26,0.23,0.23,16%,6047,3541,1942,564,200,8.6%,0.07,40%,,0,0,0,0,-702,6,-153,0,0,123,123,15457,0,37249,1604,14,461,31792,43,8,23,0,0
62569,T1,Red,Loss,Faker,Caitlyn,MID,16,1,3,3,1.3,253,6,,8.4,10989,363,21.8%,40,11,16,3,3,1.32,0.36,0.1,0.53,18.9%,18448,17549,647,252,610,26.3%,0.13,80%,,0,0,0,0,-204,3,-104,-1,0,2581,2581,5757,0,9622,0,22,86,17477,120,4,19,0,0
62569,T1,Red,Loss,Gumayusi,Ziggs,ADC,15,1,5,1,0.4,277,0,,9.2,10822,358,21.5%,22,10,7,3,3,0.73,0.33,0.1,0.23,10.4%,25734,576,25119,39,851,36.7%,0.07,40%,,0,0,0,0,-1003,-5,-595,-1,0,456,456,935,0,8437,0,12,251,15937,145,7,21,0,150
62569,T1,Red,Loss,Keria,Leona,SUPPORT,10,0,5,3,0.6,29,0,,1,6527,216,13%,87,47,13,15,13,2.88,1.55,0.5,0.43,41%,4340,665,2827,848,144,6.2%,0.1,60%,,0,0,0,0,-661,-3,-821,-1,0,0,0,1898,0,20857,0,24,62,20177,110,17,30,0,0
62570,T1,Blue,Win,Zeus,Camille,TOP,18,0,5,2,0.4,318,5,,8.4,14205,375,19.7%,53,14,14,10,9,1.4,0.37,0.26,0.37,15.3%,17646,9829,1212,6605,466,15.6%,0.05,22.2%,,0,0,0,0,855,14,574,0,0,1180,1180,7326,0,42757,0,19,315,35088,207,12,31,0,150
62570,T1,Blue,Win,Oner,Nidalee,JUNGLE,17,1,2,3,2,263,229,,6.9,13389,354,18.6%,69,11,22,9,9,1.82,0.29,0.24,0.58,19.9%,24413,1135,19046,4232,645,21.6%,0.11,44.4%,,0,0,0,0,602,27,989,1,0,1594,1594,30128,3104,29795,0,14,222,40052,109,10,27,0,0
62570,T1,Blue,Win,Faker,Tristana,MID,18,5,0,2,Perfect KDA,366,44,,9.7,18413,486,25.5%,49,15,13,3,3,1.29,0.4,0.08,0.34,14.2%,34859,32451,1727,681,921,30.8%,0.18,77.8%,,0,0,1,0,254,2,-176,-1,0,13236,13236,14616,0,15097,0,7,142,23447,0,4,23,350,0
62570,T1,Blue,Win,Gumayusi,Ziggs,ADC,18,3,0,6,Perfect KDA,363,5,,9.6,17013,449,23.6%,39,16,4,6,6,1.03,0.42,0.16,0.11,11.3%,29232,814,28418,0,772,25.8%,0.24,100%,,0,0,0,0,461,-7,-687,0,0,11194,11194,3961,1038,6576,0,18,394,11972,0,8,27,400,0
62570,T1,Blue,Win,Keria,Alistar,SUPPORT,14,0,3,7,2.3,28,0,,0.7,9147,242,12.7%,136,82,11,24,24,3.59,2.17,0.63,0.29,39.3%,7004,503,5035,1466,185,6.2%,0.18,77.8%,,0,0,0,0,105,-14,-731,0,0,2288,2288,8081,3241,34668,0,58,151,28013,97,27,40,0,0
62570,HLE,Red,Loss,Doran,K,TOP,16,0,2,4,2,227,8,,6,10553,279,16.9%,56,18,10,12,12,1.48,0.48,0.32,0.26,15.4%,11990,9842,1296,852,317,13%,0.11,40%,,0,0,0,0,-855,-14,-574,0,0,467,467,5944,0,63805,654,26,2147,29789,71,14,34,0,0
62570,HLE,Red,Loss,Peanut,Sejuani,JUNGLE,15,0,1,10,10,198,173,,5.2,11041,292,17.7%,67,13,21,12,12,1.77,0.34,0.32,0.55,18.4%,12553,5364,5984,1205,332,13.6%,0.26,100%,,0,0,0,0,-602,-27,-989,-1,0,578,578,15168,277,48893,1685,30,421,42648,0,13,27,0,0
62570,HLE,Red,Loss,Zeka,Yone,MID,18,4,2,3,3.5,365,12,,9.6,15562,411,25%,52,13,13,10,10,1.37,0.34,0.26,0.34,14.3%,22139,15701,3929,2509,585,24%,0.18,70%,,0,0,0,0,-254,-2,176,1,0,1768,1768,11928,0,27346,0,18,223,28003,57,12,34,0,350
62570,HLE,Red,Loss,Viper,Smolder,ADC,18,6,1,1,7,412,18,,10.9,16859,445,27.1%,50,18,13,4,4,1.32,0.48,0.11,0.34,13.7%,39813,20490,8888,10435,1052,43.2%,0.18,70%,,1,0,0,0,-461,7,687,0,0,1643,1643,9790,0,11282,0,11,581,19547,0,5,26,150,400
62570,HLE,Red,Loss,Delight,Rell,SUPPORT,13,0,3,7,2.3,51,0,,1.3,8261,218,13.3%,139,74,18,21,19,3.67,1.96,0.55,0.48,38.2%,5583,894,3557,1132,148,6.1%,0.18,70%,,0,0,0,0,-105,14,731,0,0,2009,2009,2465,0,21097,0,30,74,24584,89,24,41,0,0
62571,HLE,Blue,Win,Doran,Renekton,TOP,15,0,0,7,Perfect KDA,240,8,,9.5,10339,410,20.1%,35,12,9,7,7,1.39,0.48,0.28,0.36,13.8%,8312,6283,1849,180,329,15.1%,0.28,43.8%,,0,0,0,0,-155,-8,468,0,0,6281,6281,6161,0,15455,0,12,166,19223,0,9,23,0,0
62571,HLE,Blue,Win,Peanut,Poppy,JUNGLE,14,2,1,9,11,149,136,,5.9,9160,363,17.8%,34,11,7,10,9,1.35,0.44,0.4,0.28,13.4%,8487,6706,1297,484,336,15.4%,0.44,68.8%,,0,0,0,0,611,0,401,0,0,2731,2731,13250,0,35229,960,34,731,24566,25,11,23,0,0
62571,HLE,Blue,Win,Zeka,Smolder,MID,15,11,0,2,Perfect KDA,264,24,,10.5,14111,559,27.4%,32,14,6,5,5,1.27,0.55,0.2,0.24,12.6%,14437,10685,1908,1844,572,26.2%,0.52,81.3%,,1,1,0,0,1688,2,809,1,0,5764,5764,6333,0,7372,0,7,336,12764,0,7,23,0,0
62571,HLE,Blue,Win,Viper,Jhin,ADC,15,3,1,11,14,240,12,,9.5,11068,439,21.5%,26,12,5,5,4,1.03,0.48,0.2,0.2,10.2%,19813,17614,2115,84,785,35.9%,0.55,87.5%,,0,0,0,0,-18,-7,-633,0,0,2999,2999,6173,0,6277,0,30,144,12893,28,6,25,0,0
62571,HLE,Blue,Win,Delight,Rakan,SUPPORT,11,0,1,12,12,33,0,,1.3,6808,270,13.2%,127,67,18,15,13,5.03,2.66,0.59,0.71,50%,4103,1186,2865,52,163,7.4%,0.48,75%,,0,0,0,0,490,0,53,0,0,2545,2545,5784,2102,10721,2164,15,52,11995,0,17,32,0,0
62571,T1,Red,Loss,Zeus,Zeri,TOP,15,1,2,1,1,271,12,,10.7,10218,405,25.2%,38,11,14,3,3,1.51,0.44,0.12,0.55,19.3%,11009,5005,5876,128,436,23.3%,0.08,66.7%,,0,0,0,0,155,8,-468,0,0,2060,2060,3800,0,10060,0,4,68,13085,28,4,22,0,0
62571,T1,Red,Loss,Oner,Sejuani,JUNGLE,12,0,4,1,0.3,154,136,,6.1,7362,292,18.1%,39,7,12,7,6,1.55,0.28,0.28,0.48,19.8%,6226,3805,1666,755,247,13.2%,0.04,33.3%,,0,0,0,0,-611,0,-401,0,0,0,0,10795,0,25167,602,20,343,23802,60,8,23,0,0
62571,T1,Red,Loss,Faker,Corki,MID,13,0,4,0,0,243,10,,9.6,8626,342,21.3%,29,13,3,6,5,1.15,0.52,0.24,0.12,14.7%,13052,8393,3783,876,517,27.6%,0,0%,,0,0,0,0,-1688,-2,-809,-1,0,2246,2246,2550,0,8458,0,0,23,15347,149,7,22,0,0
62571,T1,Red,Loss,Gumayusi,Ziggs,ADC,14,2,2,0,1,235,2,,9.3,9273,367,22.9%,20,8,7,3,2,0.79,0.32,0.12,0.28,10.2%,14370,258,14013,99,569,30.4%,0.08,66.7%,1,0,0,0,0,18,7,633,0,0,3146,3146,589,0,7462,0,13,246,10654,42,7,23,0,0
62571,T1,Red,Loss,Keria,Alistar,SUPPORT,8,0,4,2,0.5,26,0,,1,5098,202,12.6%,71,46,10,13,13,2.81,1.82,0.52,0.4,36%,2563,334,1609,620,102,5.4%,0.08,66.7%,,0,0,0,0,-490,0,-53,0,0,0,0,1904,994,12727,0,21,74,12720,90,15,31,0,0
62572,T1,Blue,Loss,Zeus,Corki,TOP,18,2,3,1,1,333,15,,9.2,14241,392,23.1%,35,17,6,3,3,0.96,0.47,0.08,0.17,10.4%,26511,17340,5200,3971,730,26.1%,0.08,50%,,1,0,0,0,-485,3,-669,0,0,2262,2262,9580,0,16532,0,4,107,26204,88,5,31,50,200
62572,T1,Blue,Loss,Oner,Nidalee,JUNGLE,15,0,3,3,1,227,184,,6.3,11251,310,18.2%,131,51,33,7,6,3.61,1.4,0.19,0.91,39%,18096,1270,12536,4290,498,17.8%,0.08,50%,,0,0,0,0,-18,1,-897,-1,0,448,448,25649,4634,25685,0,10,266,34984,96,8,23,0,0
62572,T1,Blue,Loss,Faker,Tristana,MID,17,4,4,1,1.3,328,12,,9,14914,411,24.2%,27,4,9,2,2,0.74,0.11,0.06,0.25,8%,18005,16562,1145,298,496,17.7%,0.14,83.3%,1,0,0,0,0,922,-1,331,0,0,6240,6240,5004,0,14810,0,4,114,21074,112,5,25,50,400
62572,T1,Blue,Loss,Gumayusi,Ziggs,ADC,17,0,2,2,1,349,2,,9.6,14082,388,22.8%,28,14,6,5,5,0.77,0.39,0.14,0.17,8.3%,34234,487,33643,104,943,33.7%,0.06,33.3%,,0,0,0,0,604,21,310,0,0,6682,6682,1291,0,11797,0,19,343,14881,50,9,25,0,300
62572,T1,Blue,Loss,Keria,Leona,SUPPORT,12,0,3,4,1.3,25,0,,0.7,7238,199,11.7%,115,71,8,23,21,3.17,1.96,0.63,0.22,34.2%,4607,694,2935,978,127,4.5%,0.11,66.7%,,0,0,0,0,-345,-3,186,0,0,37,37,1694,0,22253,0,23,67,23072,42,26,40,0,0
62572,HLE,Red,Win,Doran,Nasus,TOP,18,4,1,4,8,279,20,,7.7,14990,413,21.8%,31,10,8,5,5,0.85,0.28,0.14,0.22,10.1%,19398,8485,10913,0,534,24.3%,0.22,53.3%,,1,0,0,0,485,-3,669,0,0,10990,10990,19974,0,51521,0,17,810,36211,37,8,28,350,0
62572,HLE,Red,Win,Peanut,Sejuani,JUNGLE,16,1,0,12,Perfect KDA,213,175,,5.9,11754,324,17.1%,60,11,24,11,9,1.65,0.3,0.3,0.66,19.6%,6358,3807,2135,416,175,8%,0.36,86.7%,,0,0,0,0,18,-1,897,1,1,2424,2424,22066,0,57329,1372,13,436,43952,0,12,32,0,0
62572,HLE,Red,Win,Zeka,Smolder,MID,18,5,1,6,11,370,39,,10.2,17336,477,25.2%,45,19,9,7,6,1.24,0.52,0.19,0.25,14.7%,24976,16863,4702,3411,688,31.3%,0.3,73.3%,1,1,0,0,0,-922,1,-331,0,0,11392,11392,6804,0,19025,0,8,327,16327,50,9,32,350,50
62572,HLE,Red,Win,Viper,Jhin,ADC,17,3,2,7,5,338,23,,9.3,14883,410,21.7%,42,16,15,7,6,1.16,0.44,0.19,0.41,13.7%,22230,18236,3886,108,612,27.9%,0.28,66.7%,,1,0,0,0,-604,-21,-310,0,0,3585,3585,6918,0,14989,0,31,280,19062,43,9,31,50,50
62572,HLE,Red,Win,Delight,Poppy,SUPPORT,14,2,2,7,4.5,56,0,,1.5,9780,269,14.2%,128,60,28,19,17,3.52,1.65,0.52,0.77,41.8%,6745,5050,1087,608,186,8.5%,0.25,60%,,0,0,0,0,345,3,-186,0,0,2781,2781,2006,0,25694,0,31,198,18440,16,21,39,150,0
62644,GEN,Blue,Loss,Kiin,K,TOP,18,0,4,10,2.5,243,0,,6,13496,336,17.4%,49,13,12,8,8,1.22,0.32,0.2,0.3,12.1%,7654,6364,803,487,190,6.9%,0.25,52.6%,,0,0,0,0,224,9,-261,-1,0,3482,3482,3563,0,70866,832,19,1120,32501,112,10,28,0,0
62644,GEN,Blue,Loss,Canyon,Skarner,JUNGLE,17,5,3,10,5,198,172,,4.9,13564,337,17.4%,71,19,16,13,13,1.77,0.47,0.32,0.4,17.5%,13595,7523,5710,362,338,12.3%,0.37,78.9%,,1,0,0,0,-1286,-31,-1061,-1,0,1155,1155,17352,0,87970,0,39,835,44614,106,14,36,200,100
62644,GEN,Blue,Loss,Chovy,Smolder,MID,18,9,2,7,8,419,49,,10.4,20619,513,26.5%,78,20,17,7,6,1.94,0.5,0.17,0.42,19.3%,51121,26448,10203,14470,1272,46.3%,0.4,84.2%,,1,1,0,0,-1125,0,641,0,0,9601,9601,7403,0,18865,0,18,497,23650,44,10,35,650,650
62644,GEN,Blue,Loss,Peyz,Ezreal,ADC,18,2,3,11,4.3,453,24,,11.3,19565,487,25.2%,51,16,17,5,4,1.27,0.4,0.12,0.42,12.6%,33248,17689,14867,692,827,30.1%,0.32,68.4%,,0,0,0,0,-192,7,668,1,0,8340,8340,13809,0,20753,0,3,176,25067,116,6,27,0,500
62644,GEN,Blue,Loss,Lehends,Rell,SUPPORT,14,3,6,15,3,32,2,,0.8,10536,262,13.5%,156,101,10,31,36,3.88,2.51,0.77,0.25,38.5%,4778,810,2888,1080,119,4.3%,0.45,94.7%,,0,0,0,0,245,-1,-534,0,0,1177,1177,2622,0,32585,2203,32,84,24399,198,43,57,0,0
62644,HLE,Red,Win,Doran,Mordekaiser,TOP,18,2,5,9,2.2,265,17,,6.6,13259,330,17.2%,37,15,4,10,10,0.92,0.37,0.25,0.1,10.4%,14543,1281,13089,173,362,13.3%,0.27,61.1%,,0,0,0,0,-224,-9,261,1,0,460,460,9417,0,52221,0,14,291,36530,238,13,35,0,0
62644,HLE,Red,Win,Peanut,Zyra,JUNGLE,17,3,6,13,2.7,237,202,,5.9,13405,333,17.4%,64,12,21,10,10,1.59,0.3,0.25,0.52,17.9%,21312,786,17963,2563,530,19.5%,0.4,88.9%,,0,0,0,0,1286,31,1061,1,0,701,701,7617,0,19855,0,60,745,29585,274,10,28,0,200
62644,HLE,Red,Win,Zeka,Tristana,MID,18,6,1,7,13,389,34,,9.7,19519,486,25.3%,46,14,7,3,3,1.14,0.35,0.07,0.17,12.9%,39477,37277,1559,641,982,36%,0.32,72.2%,,0,1,0,0,1125,0,-641,0,0,17078,17078,15369,0,31270,0,8,136,28752,52,5,26,200,500
62644,HLE,Red,Win,Viper,Ashe,ADC,18,7,1,8,15,436,38,,10.8,20940,521,27.2%,65,18,14,6,6,1.62,0.45,0.15,0.35,18.2%,29070,27143,1775,152,723,26.5%,0.37,83.3%,,0,1,0,0,192,-7,-668,-1,0,5820,5820,11038,0,19213,0,59,1212,19581,42,9,27,1050,150
62644,HLE,Red,Win,Delight,Leona,SUPPORT,15,0,6,13,2.2,43,0,,1.1,9894,246,12.8%,145,72,24,23,21,3.61,1.79,0.57,0.6,40.6%,5140,980,2880,1280,128,4.7%,0.32,72.2%,,0,0,0,0,-245,1,534,0,0,4184,4184,103,0,31601,219,21,67,31391,140,26,42,0,0
62645,GEN,Blue,Win,Kiin,Ornn,TOP,18,2,2,12,7,226,4,,6,12887,340,17.2%,37,19,4,9,9,0.98,0.5,0.24,0.11,8.4%,15592,4690,10373,529,412,15.4%,0.37,77.8%,,0,0,0,0,-607,-14,-644,0,0,3239,3239,1932,0,39897,0,41,705,25754,78,10,34,50,100
62645,GEN,Blue,Win,Canyon,Zyra,JUNGLE,18,4,1,12,16,311,264,,8.2,16148,426,21.5%,126,49,26,7,7,3.33,1.29,0.18,0.69,28.4%,25770,523,23879,1368,680,25.5%,0.42,88.9%,,2,0,0,0,324,14,176,0,1,4393,4393,9796,877,9392,0,36,453,15649,28,8,27,0,0
62645,GEN,Blue,Win,Chovy,Corki,MID,18,5,1,10,15,419,25,,11.1,18388,485,24.5%,93,17,25,5,5,2.45,0.45,0.13,0.66,21%,30928,23553,3998,3377,816,30.6%,0.4,83.3%,,1,0,0,0,-857,15,173,0,0,9508,9508,5762,0,10215,0,3,148,14849,48,7,27,50,300
62645,GEN,Blue,Win,Peyz,Ashe,ADC,18,7,0,9,Perfect KDA,345,28,,9.1,18130,479,24.2%,63,20,19,9,9,1.66,0.53,0.24,0.5,14.2%,24287,19602,3522,1163,641,24%,0.42,88.9%,,1,0,0,0,1073,8,218,1,0,9388,9388,4352,0,8642,0,50,1148,7436,0,10,26,0,0
62645,GEN,Blue,Win,Lehends,Blitzcrank,SUPPORT,14,0,2,14,7,33,0,,0.9,9480,250,12.6%,124,70,11,22,22,3.27,1.85,0.58,0.29,28%,4470,629,3107,734,118,4.4%,0.37,77.8%,,0,0,0,0,65,-2,173,0,0,6864,6864,1995,0,11484,836,20,197,13166,46,24,38,0,0
62645,HLE,Red,Loss,Doran,Renekton,TOP,17,1,4,1,0.5,294,16,,7.8,13100,346,20.8%,38,13,13,10,9,1,0.34,0.26,0.34,11.4%,6805,5772,1033,0,180,14.2%,0.05,33.3%,,0,0,0,0,607,14,644,0,0,1626,1626,7385,0,41872,0,14,92,34144,199,12,36,300,0
62645,HLE,Red,Loss,Peanut,Ivern,JUNGLE,14,1,3,5,2,163,146,,4.3,10891,287,17.3%,73,38,16,10,8,1.93,1,0.26,0.42,22%,5155,1191,2473,1491,136,10.7%,0.16,100%,,0,0,0,0,-324,-14,-176,0,0,0,0,14761,6573,12407,13412,37,247,18723,71,10,28,100,0
62645,HLE,Red,Loss,Zeka,Azir,MID,17,2,6,4,1,339,20,,8.9,14758,390,23.4%,64,15,17,8,6,1.69,0.4,0.21,0.45,19.3%,16510,254,16256,0,436,34.3%,0.16,100%,,0,0,0,0,857,-15,-173,0,0,4075,4075,1315,0,17710,0,5,163,26059,219,10,32,0,50
62645,HLE,Red,Loss,Viper,Jhin,ADC,17,1,1,3,4,415,24,,11,16094,425,25.5%,41,15,14,1,1,1.08,0.4,0.03,0.37,12.3%,16986,13368,3516,102,448,35.3%,0.11,66.7%,,0,0,0,0,-1073,-8,-218,-1,0,6798,6798,5277,0,9644,0,40,253,15773,0,2,23,0,50
62645,HLE,Red,Loss,Delight,Alistar,SUPPORT,12,1,4,4,1.3,38,0,,1,8200,216,13%,116,79,11,22,22,3.06,2.09,0.58,0.29,34.9%,2633,319,1716,598,70,5.5%,0.13,83.3%,,0,0,0,0,-65,2,-173,0,0,0,0,5706,2266,32651,0,16,62,27703,92,24,40,0,0
62646,HLE,Blue,Loss,Doran,Camille,TOP,16,2,6,3,0.8,288,27,,8.6,12010,357,21.2%,33,9,5,4,4,0.98,0.27,0.12,0.15,8.2%,11282,6142,966,4174,336,18.2%,0.15,62.5%,,0,0,0,0,-566,22,326,0,0,2492,2492,3873,0,35261,0,12,224,32431,214,6,25,200,100
62646,HLE,Blue,Loss,Peanut,Maokai,JUNGLE,14,0,3,6,2,158,133,,4.7,8896,265,15.7%,60,9,15,7,7,1.79,0.27,0.21,0.45,14.9%,7201,426,5729,1046,214,11.6%,0.18,75%,,0,0,0,0,-689,-15,-561,-1,0,0,0,18246,0,30598,1086,38,586,33595,100,8,23,0,0
62646,HLE,Blue,Loss,Zeka,Yone,MID,16,2,3,2,1.3,304,24,,9,12185,363,21.5%,56,18,11,6,6,1.67,0.54,0.18,0.33,13.9%,11783,6388,3125,2270,351,19%,0.12,50%,,0,0,0,0,-823,-15,121,0,0,854,854,7609,0,22354,0,16,206,22208,58,7,25,150,50
62646,HLE,Blue,Loss,Viper,Jhin,ADC,17,3,1,2,5,377,20,,11.2,14944,445,26.4%,42,16,9,5,5,1.25,0.48,0.15,0.27,10.4%,25327,20790,3853,684,754,40.8%,0.15,62.5%,,0,0,0,0,677,3,203,1,0,4265,4265,7621,0,10291,0,35,247,14230,0,6,23,100,250
62646,HLE,Blue,Loss,Delight,Rakan,SUPPORT,11,1,1,6,7,55,0,,1.6,8513,253,15.1%,211,113,40,15,14,6.28,3.36,0.45,1.19,52.5%,6461,950,4297,1214,192,10.4%,0.21,87.5%,,0,0,0,0,767,4,-647,-1,0,2809,2809,6408,1642,16966,2191,25,91,18827,12,18,36,0,0
62646,GEN,Red,Win,Kiin,Jax,TOP,18,6,1,5,11,297,12,,8.8,16011,477,24.4%,44,18,13,5,5,1.31,0.54,0.15,0.39,13.6%,19057,10181,7994,882,567,23.1%,0.33,78.6%,1,1,0,0,0,566,-22,-326,0,0,14719,14719,6624,0,25077,0,19,168,25119,25,6,28,100,100
62646,GEN,Red,Win,Canyon,Skarner,JUNGLE,16,3,1,5,8,212,179,,6.3,11712,349,17.8%,60,14,22,12,11,1.79,0.42,0.36,0.65,18.6%,12046,7530,3774,742,359,14.6%,0.24,57.1%,,0,0,0,0,689,15,561,1,0,1138,1138,17693,0,64085,0,39,778,30065,16,13,25,0,0
62646,GEN,Red,Win,Chovy,Corki,MID,18,3,2,5,4,351,46,,10.4,14928,444,22.7%,57,12,34,0,0,1.7,0.36,0,1.01,17.6%,25363,18843,4251,2269,755,30.7%,0.24,57.1%,1,1,0,0,0,823,15,-121,0,0,3956,3956,5508,0,13173,0,2,105,16253,42,1,24,50,350
62646,GEN,Red,Win,Peyz,Ziggs,ADC,18,2,0,5,Perfect KDA,342,4,,10.2,15312,456,23.3%,46,20,12,10,10,1.37,0.6,0.3,0.36,14.2%,23545,354,22645,546,701,28.5%,0.21,50%,,1,0,0,0,-677,-3,-203,-1,0,7910,7910,1629,0,5549,0,13,370,10393,0,12,30,250,0
62646,GEN,Red,Win,Lehends,Alistar,SUPPORT,12,0,4,9,2.3,27,0,,0.8,7789,232,11.8%,116,70,7,20,19,3.45,2.08,0.6,0.21,35.9%,2614,566,2048,0,78,3.2%,0.27,64.3%,,0,0,0,0,-767,-4,647,1,0,0,0,7496,3415,14943,653,24,87,16705,91,22,36,0,0
62647,HLE,Blue,Win,Doran,Jax,TOP,17,2,2,8,5,234,24,,7.8,11734,389,18.8%,46,16,12,6,5,1.53,0.53,0.2,0.4,16%,12033,5419,6260,354,399,16.5%,0.33,52.6%,,0,0,0,0,271,-6,751,0,0,5743,5743,2871,0,21682,0,12,222,24777,88,7,22,0,0
62647,HLE,Blue,Win,Peanut,Maokai,JUNGLE,15,5,1,10,15,178,156,,5.9,11650,386,18.6%,66,12,17,11,10,2.19,0.4,0.36,0.56,23%,7735,400,6387,948,257,10.6%,0.5,78.9%,1,1,0,0,0,-582,-24,-655,-1,0,170,170,17880,0,30119,802,44,600,27665,47,12,27,0,300
62647,HLE,Blue,Win,Zeka,Tristana,MID,18,7,1,6,13,330,48,,10.9,16617,551,26.6%,48,15,15,8,6,1.59,0.5,0.27,0.5,16.7%,20263,17917,1314,1032,672,27.8%,0.43,68.4%,1,0,1,0,0,960,7,257,0,0,13208,13208,12476,0,21250,0,9,195,20763,55,10,32,50,550
62647,HLE,Blue,Win,Viper,Ezreal,ADC,16,5,0,6,Perfect KDA,306,9,,10.1,14517,481,23.2%,29,13,9,3,3,0.96,0.43,0.1,0.3,10.1%,27969,16763,9762,1444,928,38.4%,0.36,57.9%,,1,0,0,0,97,7,515,1,0,9460,9460,3931,0,9429,0,10,212,8380,0,4,21,0,0
62647,HLE,Blue,Win,Delight,Blitzcrank,SUPPORT,14,0,2,12,6,48,0,,1.6,8056,267,12.9%,98,43,17,14,12,3.25,1.43,0.46,0.56,34.1%,4928,1011,3023,894,163,6.8%,0.4,63.2%,,0,0,0,0,582,7,584,1,0,670,670,2219,0,14267,390,29,162,13599,25,16,31,0,0
62647,GEN,Red,Loss,Kiin,Udyr,TOP,15,0,5,3,0.6,214,0,,7.1,9367,311,18.1%,30,11,6,6,5,1,0.36,0.2,0.2,11.2%,8951,2356,6595,0,297,15.1%,0.1,50%,,0,0,0,0,-271,6,-751,0,0,1083,1083,5784,0,42835,0,26,2252,23151,143,8,25,0,0
62647,GEN,Red,Loss,Canyon,Zyra,JUNGLE,14,0,5,5,1,187,156,,6.2,10227,339,19.8%,76,30,16,9,6,2.52,1,0.3,0.53,28.3%,13506,403,12669,434,448,22.7%,0.17,83.3%,,0,0,0,0,582,24,655,1,0,2449,2449,6070,0,9953,0,23,320,17649,119,10,24,0,0
62647,GEN,Red,Loss,Chovy,Corki,MID,16,5,3,0,1.7,313,20,,10.4,14456,479,27.9%,42,13,10,4,3,1.39,0.43,0.13,0.33,15.6%,23765,17586,3594,2585,788,40%,0.17,83.3%,,0,1,0,0,-960,-7,-257,0,0,5438,5438,5080,0,13350,0,0,19,17558,90,5,30,850,50
62647,GEN,Red,Loss,Peyz,Miss Fortune,ADC,15,1,3,5,2,297,3,,9.9,11617,385,22.5%,25,12,7,4,3,0.83,0.4,0.13,0.23,9.3%,11449,11150,299,0,380,19.3%,0.2,100%,,0,0,0,0,-97,-7,-515,-1,0,1249,1249,2602,0,12215,0,2,35,11064,80,5,20,0,0
62647,GEN,Red,Loss,Lehends,Alistar,SUPPORT,11,0,3,1,0.3,35,0,,1.2,6075,201,11.7%,96,59,5,18,15,3.18,1.96,0.6,0.17,35.7%,1701,198,1300,203,56,2.9%,0.03,16.7%,,0,0,0,0,-582,-7,-584,-1,0,0,0,5051,1260,31139,189,13,53,19534,61,20,34,0,0
62648,GEN,Blue,Loss,Kiin,K,TOP,17,3,2,1,2,275,4,,7.2,12706,333,21%,55,17,9,11,11,1.44,0.45,0.29,0.24,15.7%,14080,10790,1036,2254,369,21.8%,0.1,100%,,0,0,0,0,-613,16,618,1,0,289,289,7507,0,46167,1175,33,4190,25655,28,13,30,0,0
62648,GEN,Blue,Loss,Canyon,Skarner,JUNGLE,15,1,1,2,3,218,192,,5.7,10826,284,17.9%,61,17,17,16,14,1.6,0.45,0.42,0.45,17.4%,10959,5896,4759,304,287,17%,0.08,75%,,0,0,0,0,-688,-8,-729,-1,0,1133,1133,16366,0,61073,0,32,865,35602,20,18,34,0,0
62648,GEN,Blue,Loss,Chovy,Corki,MID,18,0,3,1,0.3,371,11,,9.7,14791,387,24.4%,56,17,12,6,5,1.47,0.45,0.16,0.31,16%,23726,15728,5795,2203,621,36.8%,0.03,25%,,0,0,0,0,245,14,694,1,0,4592,4592,5220,0,13469,0,0,36,18313,105,7,28,0,200
62648,GEN,Blue,Loss,Peyz,Kai,ADC,17,0,3,2,0.7,385,20,,10.1,14412,377,23.8%,30,13,10,3,2,0.79,0.34,0.08,0.26,8.5%,11840,4912,6693,235,310,18.4%,0.05,50%,,0,0,0,0,-438,5,187,0,0,673,673,3267,0,10127,0,0,97,14030,158,5,25,0,150
62648,GEN,Blue,Loss,Lehends,Nautilus,SUPPORT,11,0,6,4,0.7,32,0,,0.8,7826,205,12.9%,149,92,17,28,25,3.9,2.41,0.73,0.45,42.5%,3898,869,2967,62,102,6%,0.1,100%,,0,0,0,0,-59,-13,-578,-1,0,556,556,589,0,18415,1865,33,218,14381,114,30,44,0,0
62648,HLE,Red,Win,Doran,Jax,TOP,18,1,1,7,8,285,12,,7.5,14784,387,20.7%,60,25,13,11,11,1.57,0.65,0.29,0.34,14.6%,13377,6852,6345,180,350,17.6%,0.21,53.3%,,0,0,0,0,613,-16,-618,-1,0,7866,7866,9847,0,22653,0,14,170,26064,25,14,34,0,0
62648,HLE,Red,Win,Peanut,Vi,JUNGLE,16,4,1,7,11,244,216,,6.4,13911,364,19.5%,82,14,22,13,13,2.15,0.37,0.34,0.58,20%,6857,6611,0,246,180,9%,0.29,73.3%,,0,0,0,0,688,8,729,1,0,2658,2658,20076,0,41315,0,15,363,29635,43,14,34,200,0
62648,HLE,Red,Win,Zeka,Yone,MID,18,6,0,8,Perfect KDA,353,43,,9.2,16193,424,22.7%,63,18,15,7,7,1.65,0.47,0.18,0.39,15.4%,20270,13541,4640,2089,531,26.6%,0.37,93.3%,,1,0,0,0,-245,-14,-694,-1,0,2601,2601,15794,0,41754,0,15,288,26522,0,8,31,0,0
62648,HLE,Red,Win,Viper,Ziggs,ADC,18,3,0,10,Perfect KDA,361,29,,9.5,16848,441,23.6%,65,17,8,5,4,1.7,0.45,0.13,0.21,15.9%,32156,660,30846,650,842,42.3%,0.34,86.7%,,0,0,0,0,438,-5,-187,0,0,12506,12506,3946,1906,3309,0,19,373,6715,0,9,27,100,0
62648,HLE,Red,Win,Delight,Rell,SUPPORT,13,1,2,14,7.5,40,0,,1,9578,251,13.4%,140,67,18,18,17,3.67,1.75,0.47,0.47,34.1%,3438,650,2196,592,90,4.5%,0.39,100%,,0,0,0,0,59,13,578,1,0,1926,1926,4514,0,22853,1055,24,57,14543,10,22,38,50,0
